-29,11,KYnv0b7WdoxdJo2bci3Q7vOeZaM=,bhFcng2YiuhT3f6bbatgaUCXWS0=
-28,11,KYnv0b7WdoxdJo2bci3Q7vOeZaM=,bhFcng2YiuhT3f6bbatgaUCXWS0=
-29,12,KYnv0b7WdoxdJo2bci3Q7vOeZaM=,bhFcng2YiuhT3f6bbatgaUCXWS0=
-28,12,KYnv0b7WdoxdJo2bci3Q7vOeZaM=,bhFcng2YiuhT3f6bbatgaUCXWS0=
-29,6,KYnv0b7WdoxdJo2bci3Q7vOeZaM=,VoRoBfLwMk9uQ4rNpforTGdlbfw=
-28,4,KYnv0b7WdoxdJo2bci3Q7vOeZaM=,VoRoBfLwMk9uQ4rNpforTGdlbfw=
-28,6,KYnv0b7WdoxdJo2bci3Q7vOeZaM=,VoRoBfLwMk9uQ4rNpforTGdlbfw=
-29,10,KYnv0b7WdoxdJo2bci3Q7vOeZaM=,bhFcng2YiuhT3f6bbatgaUCXWS0=
-29,5,KYnv0b7WdoxdJo2bci3Q7vOeZaM=,VoRoBfLwMk9uQ4rNpforTGdlbfw=
-29,3,KYnv0b7WdoxdJo2bci3Q7vOeZaM=,VoRoBfLwMk9uQ4rNpforTGdlbfw=
-28,10,KYnv0b7WdoxdJo2bci3Q7vOeZaM=,bhFcng2YiuhT3f6bbatgaUCXWS0=
-29,7,KYnv0b7WdoxdJo2bci3Q7vOeZaM=,VoRoBfLwMk9uQ4rNpforTGdlbfw=
-28,3,KYnv0b7WdoxdJo2bci3Q7vOeZaM=,VoRoBfLwMk9uQ4rNpforTGdlbfw=
-28,7,KYnv0b7WdoxdJo2bci3Q7vOeZaM=,VoRoBfLwMk9uQ4rNpforTGdlbfw=
-28,5,KYnv0b7WdoxdJo2bci3Q7vOeZaM=,VoRoBfLwMk9uQ4rNpforTGdlbfw=
-29,8,KYnv0b7WdoxdJo2bci3Q7vOeZaM=,bhFcng2YiuhT3f6bbatgaUCXWS0=
-28,8,KYnv0b7WdoxdJo2bci3Q7vOeZaM=,bhFcng2YiuhT3f6bbatgaUCXWS0=
-29,9,KYnv0b7WdoxdJo2bci3Q7vOeZaM=,bhFcng2YiuhT3f6bbatgaUCXWS0=
-28,9,KYnv0b7WdoxdJo2bci3Q7vOeZaM=,bhFcng2YiuhT3f6bbatgaUCXWS0=
-29,4,KYnv0b7WdoxdJo2bci3Q7vOeZaM=,VoRoBfLwMk9uQ4rNpforTGdlbfw=
-26,12,6I6Sd5ObmvYS5tKKX5aKnsU/BkA=,bhFcng2YiuhT3f6bbatgaUCXWS0=
-25,12,6I6Sd5ObmvYS5tKKX5aKnsU/BkA=,bhFcng2YiuhT3f6bbatgaUCXWS0=
-20,11,6I6Sd5ObmvYS5tKKX5aKnsU/BkA=,ZbEa8QlVO+5QAotavOMzFIpCl3Y=
-24,11,6I6Sd5ObmvYS5tKKX5aKnsU/BkA=,ZbEa8QlVO+5QAotavOMzFIpCl3Y=
-24,12,6I6Sd5ObmvYS5tKKX5aKnsU/BkA=,ZbEa8QlVO+5QAotavOMzFIpCl3Y=
-23,12,6I6Sd5ObmvYS5tKKX5aKnsU/BkA=,ZbEa8QlVO+5QAotavOMzFIpCl3Y=
-22,12,6I6Sd5ObmvYS5tKKX5aKnsU/BkA=,ZbEa8QlVO+5QAotavOMzFIpCl3Y=
-21,12,6I6Sd5ObmvYS5tKKX5aKnsU/BkA=,ZbEa8QlVO+5QAotavOMzFIpCl3Y=
-20,12,6I6Sd5ObmvYS5tKKX5aKnsU/BkA=,ZbEa8QlVO+5QAotavOMzFIpCl3Y=
-23,11,6I6Sd5ObmvYS5tKKX5aKnsU/BkA=,ZbEa8QlVO+5QAotavOMzFIpCl3Y=
-22,11,6I6Sd5ObmvYS5tKKX5aKnsU/BkA=,ZbEa8QlVO+5QAotavOMzFIpCl3Y=
-27,11,6I6Sd5ObmvYS5tKKX5aKnsU/BkA=,bhFcng2YiuhT3f6bbatgaUCXWS0=
-26,11,6I6Sd5ObmvYS5tKKX5aKnsU/BkA=,bhFcng2YiuhT3f6bbatgaUCXWS0=
-25,11,6I6Sd5ObmvYS5tKKX5aKnsU/BkA=,bhFcng2YiuhT3f6bbatgaUCXWS0=
-21,11,6I6Sd5ObmvYS5tKKX5aKnsU/BkA=,ZbEa8QlVO+5QAotavOMzFIpCl3Y=
-27,12,6I6Sd5ObmvYS5tKKX5aKnsU/BkA=,bhFcng2YiuhT3f6bbatgaUCXWS0=
-19,11,6I6Sd5ObmvYS5tKKX5aKnsU/BkA=,ZbEa8QlVO+5QAotavOMzFIpCl3Y=
-18,11,6I6Sd5ObmvYS5tKKX5aKnsU/BkA=,ZbEa8QlVO+5QAotavOMzFIpCl3Y=
-17,11,6I6Sd5ObmvYS5tKKX5aKnsU/BkA=,ZbEa8QlVO+5QAotavOMzFIpCl3Y=
-19,12,6I6Sd5ObmvYS5tKKX5aKnsU/BkA=,ZbEa8QlVO+5QAotavOMzFIpCl3Y=
-18,12,6I6Sd5ObmvYS5tKKX5aKnsU/BkA=,ZbEa8QlVO+5QAotavOMzFIpCl3Y=
-17,12,6I6Sd5ObmvYS5tKKX5aKnsU/BkA=,ZbEa8QlVO+5QAotavOMzFIpCl3Y=
-28,13,6I6Sd5ObmvYS5tKKX5aKnsU/BkA=,bhFcng2YiuhT3f6bbatgaUCXWS0=
-29,14,6I6Sd5ObmvYS5tKKX5aKnsU/BkA=,bhFcng2YiuhT3f6bbatgaUCXWS0=
-28,14,6I6Sd5ObmvYS5tKKX5aKnsU/BkA=,bhFcng2YiuhT3f6bbatgaUCXWS0=
-28,15,6I6Sd5ObmvYS5tKKX5aKnsU/BkA=,bhFcng2YiuhT3f6bbatgaUCXWS0=
-29,15,6I6Sd5ObmvYS5tKKX5aKnsU/BkA=,bhFcng2YiuhT3f6bbatgaUCXWS0=
-29,13,6I6Sd5ObmvYS5tKKX5aKnsU/BkA=,bhFcng2YiuhT3f6bbatgaUCXWS0=
-27,13,6I6Sd5ObmvYS5tKKX5aKnsU/BkA=,bhFcng2YiuhT3f6bbatgaUCXWS0=
-26,13,6I6Sd5ObmvYS5tKKX5aKnsU/BkA=,bhFcng2YiuhT3f6bbatgaUCXWS0=
-25,13,6I6Sd5ObmvYS5tKKX5aKnsU/BkA=,bhFcng2YiuhT3f6bbatgaUCXWS0=
-24,13,6I6Sd5ObmvYS5tKKX5aKnsU/BkA=,ZbEa8QlVO+5QAotavOMzFIpCl3Y=
-23,13,6I6Sd5ObmvYS5tKKX5aKnsU/BkA=,ZbEa8QlVO+5QAotavOMzFIpCl3Y=
-22,13,6I6Sd5ObmvYS5tKKX5aKnsU/BkA=,ZbEa8QlVO+5QAotavOMzFIpCl3Y=
-21,13,6I6Sd5ObmvYS5tKKX5aKnsU/BkA=,ZbEa8QlVO+5QAotavOMzFIpCl3Y=
-32,3,6I6Sd5ObmvYS5tKKX5aKnsU/BkA=,VoRoBfLwMk9uQ4rNpforTGdlbfw=
-32,4,6I6Sd5ObmvYS5tKKX5aKnsU/BkA=,VoRoBfLwMk9uQ4rNpforTGdlbfw=
-31,4,6I6Sd5ObmvYS5tKKX5aKnsU/BkA=,VoRoBfLwMk9uQ4rNpforTGdlbfw=
-31,3,6I6Sd5ObmvYS5tKKX5aKnsU/BkA=,VoRoBfLwMk9uQ4rNpforTGdlbfw=
-30,3,6I6Sd5ObmvYS5tKKX5aKnsU/BkA=,VoRoBfLwMk9uQ4rNpforTGdlbfw=
-30,4,6I6Sd5ObmvYS5tKKX5aKnsU/BkA=,VoRoBfLwMk9uQ4rNpforTGdlbfw=
-25,15,6I6Sd5ObmvYS5tKKX5aKnsU/BkA=,bhFcng2YiuhT3f6bbatgaUCXWS0=
-26,15,6I6Sd5ObmvYS5tKKX5aKnsU/BkA=,bhFcng2YiuhT3f6bbatgaUCXWS0=
-27,15,6I6Sd5ObmvYS5tKKX5aKnsU/BkA=,bhFcng2YiuhT3f6bbatgaUCXWS0=
-25,14,6I6Sd5ObmvYS5tKKX5aKnsU/BkA=,bhFcng2YiuhT3f6bbatgaUCXWS0=
-26,14,6I6Sd5ObmvYS5tKKX5aKnsU/BkA=,bhFcng2YiuhT3f6bbatgaUCXWS0=
-27,14,6I6Sd5ObmvYS5tKKX5aKnsU/BkA=,bhFcng2YiuhT3f6bbatgaUCXWS0=
-20,15,6I6Sd5ObmvYS5tKKX5aKnsU/BkA=,ZbEa8QlVO+5QAotavOMzFIpCl3Y=
-21,15,6I6Sd5ObmvYS5tKKX5aKnsU/BkA=,ZbEa8QlVO+5QAotavOMzFIpCl3Y=
-22,15,6I6Sd5ObmvYS5tKKX5aKnsU/BkA=,ZbEa8QlVO+5QAotavOMzFIpCl3Y=
-23,15,6I6Sd5ObmvYS5tKKX5aKnsU/BkA=,ZbEa8QlVO+5QAotavOMzFIpCl3Y=
-24,15,6I6Sd5ObmvYS5tKKX5aKnsU/BkA=,ZbEa8QlVO+5QAotavOMzFIpCl3Y=
-20,14,6I6Sd5ObmvYS5tKKX5aKnsU/BkA=,ZbEa8QlVO+5QAotavOMzFIpCl3Y=
-21,14,6I6Sd5ObmvYS5tKKX5aKnsU/BkA=,ZbEa8QlVO+5QAotavOMzFIpCl3Y=
-22,14,6I6Sd5ObmvYS5tKKX5aKnsU/BkA=,ZbEa8QlVO+5QAotavOMzFIpCl3Y=
-23,14,6I6Sd5ObmvYS5tKKX5aKnsU/BkA=,ZbEa8QlVO+5QAotavOMzFIpCl3Y=
-24,14,6I6Sd5ObmvYS5tKKX5aKnsU/BkA=,ZbEa8QlVO+5QAotavOMzFIpCl3Y=
-20,13,6I6Sd5ObmvYS5tKKX5aKnsU/BkA=,ZbEa8QlVO+5QAotavOMzFIpCl3Y=
-28,1,6I6Sd5ObmvYS5tKKX5aKnsU/BkA=,VoRoBfLwMk9uQ4rNpforTGdlbfw=
-29,2,6I6Sd5ObmvYS5tKKX5aKnsU/BkA=,VoRoBfLwMk9uQ4rNpforTGdlbfw=
-29,1,6I6Sd5ObmvYS5tKKX5aKnsU/BkA=,VoRoBfLwMk9uQ4rNpforTGdlbfw=
-28,2,6I6Sd5ObmvYS5tKKX5aKnsU/BkA=,VoRoBfLwMk9uQ4rNpforTGdlbfw=
-29,0,6I6Sd5ObmvYS5tKKX5aKnsU/BkA=,VoRoBfLwMk9uQ4rNpforTGdlbfw=
-28,0,6I6Sd5ObmvYS5tKKX5aKnsU/BkA=,VoRoBfLwMk9uQ4rNpforTGdlbfw=
-32,6,6I6Sd5ObmvYS5tKKX5aKnsU/BkA=,VoRoBfLwMk9uQ4rNpforTGdlbfw=
-31,6,6I6Sd5ObmvYS5tKKX5aKnsU/BkA=,VoRoBfLwMk9uQ4rNpforTGdlbfw=
-30,6,6I6Sd5ObmvYS5tKKX5aKnsU/BkA=,VoRoBfLwMk9uQ4rNpforTGdlbfw=
-32,10,6I6Sd5ObmvYS5tKKX5aKnsU/BkA=,bhFcng2YiuhT3f6bbatgaUCXWS0=
-32,14,6I6Sd5ObmvYS5tKKX5aKnsU/BkA=,bhFcng2YiuhT3f6bbatgaUCXWS0=
-31,14,6I6Sd5ObmvYS5tKKX5aKnsU/BkA=,bhFcng2YiuhT3f6bbatgaUCXWS0=
-30,14,6I6Sd5ObmvYS5tKKX5aKnsU/BkA=,bhFcng2YiuhT3f6bbatgaUCXWS0=
-32,15,6I6Sd5ObmvYS5tKKX5aKnsU/BkA=,bhFcng2YiuhT3f6bbatgaUCXWS0=
-32,13,6I6Sd5ObmvYS5tKKX5aKnsU/BkA=,bhFcng2YiuhT3f6bbatgaUCXWS0=
-31,13,6I6Sd5ObmvYS5tKKX5aKnsU/BkA=,bhFcng2YiuhT3f6bbatgaUCXWS0=
-30,13,6I6Sd5ObmvYS5tKKX5aKnsU/BkA=,bhFcng2YiuhT3f6bbatgaUCXWS0=
-31,15,6I6Sd5ObmvYS5tKKX5aKnsU/BkA=,bhFcng2YiuhT3f6bbatgaUCXWS0=
-30,15,6I6Sd5ObmvYS5tKKX5aKnsU/BkA=,bhFcng2YiuhT3f6bbatgaUCXWS0=
-32,12,6I6Sd5ObmvYS5tKKX5aKnsU/BkA=,bhFcng2YiuhT3f6bbatgaUCXWS0=
-30,12,6I6Sd5ObmvYS5tKKX5aKnsU/BkA=,bhFcng2YiuhT3f6bbatgaUCXWS0=
-31,12,6I6Sd5ObmvYS5tKKX5aKnsU/BkA=,bhFcng2YiuhT3f6bbatgaUCXWS0=
-31,8,6I6Sd5ObmvYS5tKKX5aKnsU/BkA=,bhFcng2YiuhT3f6bbatgaUCXWS0=
-30,8,6I6Sd5ObmvYS5tKKX5aKnsU/BkA=,bhFcng2YiuhT3f6bbatgaUCXWS0=
-32,8,6I6Sd5ObmvYS5tKKX5aKnsU/BkA=,bhFcng2YiuhT3f6bbatgaUCXWS0=
-31,5,6I6Sd5ObmvYS5tKKX5aKnsU/BkA=,VoRoBfLwMk9uQ4rNpforTGdlbfw=
-32,5,6I6Sd5ObmvYS5tKKX5aKnsU/BkA=,VoRoBfLwMk9uQ4rNpforTGdlbfw=
-31,11,6I6Sd5ObmvYS5tKKX5aKnsU/BkA=,bhFcng2YiuhT3f6bbatgaUCXWS0=
-30,11,6I6Sd5ObmvYS5tKKX5aKnsU/BkA=,bhFcng2YiuhT3f6bbatgaUCXWS0=
-31,9,6I6Sd5ObmvYS5tKKX5aKnsU/BkA=,bhFcng2YiuhT3f6bbatgaUCXWS0=
-30,9,6I6Sd5ObmvYS5tKKX5aKnsU/BkA=,bhFcng2YiuhT3f6bbatgaUCXWS0=
-32,9,6I6Sd5ObmvYS5tKKX5aKnsU/BkA=,bhFcng2YiuhT3f6bbatgaUCXWS0=
-32,11,6I6Sd5ObmvYS5tKKX5aKnsU/BkA=,bhFcng2YiuhT3f6bbatgaUCXWS0=
-30,7,6I6Sd5ObmvYS5tKKX5aKnsU/BkA=,VoRoBfLwMk9uQ4rNpforTGdlbfw=
-31,7,6I6Sd5ObmvYS5tKKX5aKnsU/BkA=,VoRoBfLwMk9uQ4rNpforTGdlbfw=
-32,7,6I6Sd5ObmvYS5tKKX5aKnsU/BkA=,VoRoBfLwMk9uQ4rNpforTGdlbfw=
-30,5,6I6Sd5ObmvYS5tKKX5aKnsU/BkA=,VoRoBfLwMk9uQ4rNpforTGdlbfw=
-31,10,6I6Sd5ObmvYS5tKKX5aKnsU/BkA=,bhFcng2YiuhT3f6bbatgaUCXWS0=
-30,10,6I6Sd5ObmvYS5tKKX5aKnsU/BkA=,bhFcng2YiuhT3f6bbatgaUCXWS0=
-32,2,6I6Sd5ObmvYS5tKKX5aKnsU/BkA=,VoRoBfLwMk9uQ4rNpforTGdlbfw=
-32,1,6I6Sd5ObmvYS5tKKX5aKnsU/BkA=,VoRoBfLwMk9uQ4rNpforTGdlbfw=
-31,2,6I6Sd5ObmvYS5tKKX5aKnsU/BkA=,VoRoBfLwMk9uQ4rNpforTGdlbfw=
-31,1,6I6Sd5ObmvYS5tKKX5aKnsU/BkA=,VoRoBfLwMk9uQ4rNpforTGdlbfw=
-30,1,6I6Sd5ObmvYS5tKKX5aKnsU/BkA=,VoRoBfLwMk9uQ4rNpforTGdlbfw=
-31,0,6I6Sd5ObmvYS5tKKX5aKnsU/BkA=,VoRoBfLwMk9uQ4rNpforTGdlbfw=
-32,0,6I6Sd5ObmvYS5tKKX5aKnsU/BkA=,VoRoBfLwMk9uQ4rNpforTGdlbfw=
-30,2,6I6Sd5ObmvYS5tKKX5aKnsU/BkA=,VoRoBfLwMk9uQ4rNpforTGdlbfw=
-27,9,6I6Sd5ObmvYS5tKKX5aKnsU/BkA=,bhFcng2YiuhT3f6bbatgaUCXWS0=
-17,2,6I6Sd5ObmvYS5tKKX5aKnsU/BkA=,6+ffdD9sc8NZqy63r00TRZYKPHg=
-18,2,6I6Sd5ObmvYS5tKKX5aKnsU/BkA=,6+ffdD9sc8NZqy63r00TRZYKPHg=
-19,2,6I6Sd5ObmvYS5tKKX5aKnsU/BkA=,6+ffdD9sc8NZqy63r00TRZYKPHg=
-20,2,6I6Sd5ObmvYS5tKKX5aKnsU/BkA=,6+ffdD9sc8NZqy63r00TRZYKPHg=
-21,2,6I6Sd5ObmvYS5tKKX5aKnsU/BkA=,6+ffdD9sc8NZqy63r00TRZYKPHg=
-24,3,6I6Sd5ObmvYS5tKKX5aKnsU/BkA=,6+ffdD9sc8NZqy63r00TRZYKPHg=
-30,0,6I6Sd5ObmvYS5tKKX5aKnsU/BkA=,VoRoBfLwMk9uQ4rNpforTGdlbfw=
-22,2,6I6Sd5ObmvYS5tKKX5aKnsU/BkA=,6+ffdD9sc8NZqy63r00TRZYKPHg=
-23,2,6I6Sd5ObmvYS5tKKX5aKnsU/BkA=,6+ffdD9sc8NZqy63r00TRZYKPHg=
-21,10,6I6Sd5ObmvYS5tKKX5aKnsU/BkA=,ZbEa8QlVO+5QAotavOMzFIpCl3Y=
-27,8,6I6Sd5ObmvYS5tKKX5aKnsU/BkA=,bhFcng2YiuhT3f6bbatgaUCXWS0=
-24,2,6I6Sd5ObmvYS5tKKX5aKnsU/BkA=,6+ffdD9sc8NZqy63r00TRZYKPHg=
-17,1,6I6Sd5ObmvYS5tKKX5aKnsU/BkA=,6+ffdD9sc8NZqy63r00TRZYKPHg=
-20,10,6I6Sd5ObmvYS5tKKX5aKnsU/BkA=,ZbEa8QlVO+5QAotavOMzFIpCl3Y=
-19,10,6I6Sd5ObmvYS5tKKX5aKnsU/BkA=,ZbEa8QlVO+5QAotavOMzFIpCl3Y=
-19,1,6I6Sd5ObmvYS5tKKX5aKnsU/BkA=,6+ffdD9sc8NZqy63r00TRZYKPHg=
-18,1,6I6Sd5ObmvYS5tKKX5aKnsU/BkA=,6+ffdD9sc8NZqy63r00TRZYKPHg=
-20,1,6I6Sd5ObmvYS5tKKX5aKnsU/BkA=,6+ffdD9sc8NZqy63r00TRZYKPHg=
-21,5,6I6Sd5ObmvYS5tKKX5aKnsU/BkA=,6+ffdD9sc8NZqy63r00TRZYKPHg=
-22,1,6I6Sd5ObmvYS5tKKX5aKnsU/BkA=,6+ffdD9sc8NZqy63r00TRZYKPHg=
-23,1,6I6Sd5ObmvYS5tKKX5aKnsU/BkA=,6+ffdD9sc8NZqy63r00TRZYKPHg=
-26,5,6I6Sd5ObmvYS5tKKX5aKnsU/BkA=,VoRoBfLwMk9uQ4rNpforTGdlbfw=
-24,1,6I6Sd5ObmvYS5tKKX5aKnsU/BkA=,6+ffdD9sc8NZqy63r00TRZYKPHg=
-21,1,6I6Sd5ObmvYS5tKKX5aKnsU/BkA=,6+ffdD9sc8NZqy63r00TRZYKPHg=
-17,0,6I6Sd5ObmvYS5tKKX5aKnsU/BkA=,6+ffdD9sc8NZqy63r00TRZYKPHg=
-18,0,6I6Sd5ObmvYS5tKKX5aKnsU/BkA=,6+ffdD9sc8NZqy63r00TRZYKPHg=
-21,3,6I6Sd5ObmvYS5tKKX5aKnsU/BkA=,6+ffdD9sc8NZqy63r00TRZYKPHg=
-23,3,6I6Sd5ObmvYS5tKKX5aKnsU/BkA=,6+ffdD9sc8NZqy63r00TRZYKPHg=
-22,10,6I6Sd5ObmvYS5tKKX5aKnsU/BkA=,ZbEa8QlVO+5QAotavOMzFIpCl3Y=
-27,5,6I6Sd5ObmvYS5tKKX5aKnsU/BkA=,VoRoBfLwMk9uQ4rNpforTGdlbfw=
-19,0,6I6Sd5ObmvYS5tKKX5aKnsU/BkA=,6+ffdD9sc8NZqy63r00TRZYKPHg=
-25,5,6I6Sd5ObmvYS5tKKX5aKnsU/BkA=,VoRoBfLwMk9uQ4rNpforTGdlbfw=
-20,0,6I6Sd5ObmvYS5tKKX5aKnsU/BkA=,6+ffdD9sc8NZqy63r00TRZYKPHg=
-22,0,6I6Sd5ObmvYS5tKKX5aKnsU/BkA=,6+ffdD9sc8NZqy63r00TRZYKPHg=
-21,0,6I6Sd5ObmvYS5tKKX5aKnsU/BkA=,6+ffdD9sc8NZqy63r00TRZYKPHg=
-23,10,6I6Sd5ObmvYS5tKKX5aKnsU/BkA=,ZbEa8QlVO+5QAotavOMzFIpCl3Y=
-25,0,6I6Sd5ObmvYS5tKKX5aKnsU/BkA=,VoRoBfLwMk9uQ4rNpforTGdlbfw=
-23,0,6I6Sd5ObmvYS5tKKX5aKnsU/BkA=,6+ffdD9sc8NZqy63r00TRZYKPHg=
-19,4,6I6Sd5ObmvYS5tKKX5aKnsU/BkA=,6+ffdD9sc8NZqy63r00TRZYKPHg=
-17,4,6I6Sd5ObmvYS5tKKX5aKnsU/BkA=,6+ffdD9sc8NZqy63r00TRZYKPHg=
-24,7,6I6Sd5ObmvYS5tKKX5aKnsU/BkA=,6+ffdD9sc8NZqy63r00TRZYKPHg=
-25,8,6I6Sd5ObmvYS5tKKX5aKnsU/BkA=,bhFcng2YiuhT3f6bbatgaUCXWS0=
-24,0,6I6Sd5ObmvYS5tKKX5aKnsU/BkA=,6+ffdD9sc8NZqy63r00TRZYKPHg=
-17,7,6I6Sd5ObmvYS5tKKX5aKnsU/BkA=,6+ffdD9sc8NZqy63r00TRZYKPHg=
-22,5,6I6Sd5ObmvYS5tKKX5aKnsU/BkA=,6+ffdD9sc8NZqy63r00TRZYKPHg=
-25,1,6I6Sd5ObmvYS5tKKX5aKnsU/BkA=,VoRoBfLwMk9uQ4rNpforTGdlbfw=
-21,7,6I6Sd5ObmvYS5tKKX5aKnsU/BkA=,6+ffdD9sc8NZqy63r00TRZYKPHg=
-26,1,6I6Sd5ObmvYS5tKKX5aKnsU/BkA=,VoRoBfLwMk9uQ4rNpforTGdlbfw=
-22,7,6I6Sd5ObmvYS5tKKX5aKnsU/BkA=,6+ffdD9sc8NZqy63r00TRZYKPHg=
-17,6,6I6Sd5ObmvYS5tKKX5aKnsU/BkA=,6+ffdD9sc8NZqy63r00TRZYKPHg=
-20,5,6I6Sd5ObmvYS5tKKX5aKnsU/BkA=,6+ffdD9sc8NZqy63r00TRZYKPHg=
-27,1,6I6Sd5ObmvYS5tKKX5aKnsU/BkA=,VoRoBfLwMk9uQ4rNpforTGdlbfw=
-20,4,6I6Sd5ObmvYS5tKKX5aKnsU/BkA=,6+ffdD9sc8NZqy63r00TRZYKPHg=
-23,7,6I6Sd5ObmvYS5tKKX5aKnsU/BkA=,6+ffdD9sc8NZqy63r00TRZYKPHg=
-26,3,6I6Sd5ObmvYS5tKKX5aKnsU/BkA=,VoRoBfLwMk9uQ4rNpforTGdlbfw=
-25,3,6I6Sd5ObmvYS5tKKX5aKnsU/BkA=,VoRoBfLwMk9uQ4rNpforTGdlbfw=
-27,0,6I6Sd5ObmvYS5tKKX5aKnsU/BkA=,VoRoBfLwMk9uQ4rNpforTGdlbfw=
-26,0,6I6Sd5ObmvYS5tKKX5aKnsU/BkA=,VoRoBfLwMk9uQ4rNpforTGdlbfw=
-27,7,6I6Sd5ObmvYS5tKKX5aKnsU/BkA=,VoRoBfLwMk9uQ4rNpforTGdlbfw=
-26,4,6I6Sd5ObmvYS5tKKX5aKnsU/BkA=,VoRoBfLwMk9uQ4rNpforTGdlbfw=
-25,4,6I6Sd5ObmvYS5tKKX5aKnsU/BkA=,VoRoBfLwMk9uQ4rNpforTGdlbfw=
-26,2,6I6Sd5ObmvYS5tKKX5aKnsU/BkA=,VoRoBfLwMk9uQ4rNpforTGdlbfw=
-25,2,6I6Sd5ObmvYS5tKKX5aKnsU/BkA=,VoRoBfLwMk9uQ4rNpforTGdlbfw=
-23,5,6I6Sd5ObmvYS5tKKX5aKnsU/BkA=,6+ffdD9sc8NZqy63r00TRZYKPHg=
-24,10,6I6Sd5ObmvYS5tKKX5aKnsU/BkA=,ZbEa8QlVO+5QAotavOMzFIpCl3Y=
-26,7,6I6Sd5ObmvYS5tKKX5aKnsU/BkA=,VoRoBfLwMk9uQ4rNpforTGdlbfw=
-18,4,6I6Sd5ObmvYS5tKKX5aKnsU/BkA=,6+ffdD9sc8NZqy63r00TRZYKPHg=
-25,7,6I6Sd5ObmvYS5tKKX5aKnsU/BkA=,VoRoBfLwMk9uQ4rNpforTGdlbfw=
-24,5,6I6Sd5ObmvYS5tKKX5aKnsU/BkA=,6+ffdD9sc8NZqy63r00TRZYKPHg=
-27,4,6I6Sd5ObmvYS5tKKX5aKnsU/BkA=,VoRoBfLwMk9uQ4rNpforTGdlbfw=
-27,3,6I6Sd5ObmvYS5tKKX5aKnsU/BkA=,VoRoBfLwMk9uQ4rNpforTGdlbfw=
-17,9,6I6Sd5ObmvYS5tKKX5aKnsU/BkA=,ZbEa8QlVO+5QAotavOMzFIpCl3Y=
-27,2,6I6Sd5ObmvYS5tKKX5aKnsU/BkA=,VoRoBfLwMk9uQ4rNpforTGdlbfw=
-21,4,6I6Sd5ObmvYS5tKKX5aKnsU/BkA=,6+ffdD9sc8NZqy63r00TRZYKPHg=
-26,10,6I6Sd5ObmvYS5tKKX5aKnsU/BkA=,bhFcng2YiuhT3f6bbatgaUCXWS0=
-18,9,6I6Sd5ObmvYS5tKKX5aKnsU/BkA=,ZbEa8QlVO+5QAotavOMzFIpCl3Y=
-20,9,6I6Sd5ObmvYS5tKKX5aKnsU/BkA=,ZbEa8QlVO+5QAotavOMzFIpCl3Y=
-26,6,6I6Sd5ObmvYS5tKKX5aKnsU/BkA=,VoRoBfLwMk9uQ4rNpforTGdlbfw=
-27,10,6I6Sd5ObmvYS5tKKX5aKnsU/BkA=,bhFcng2YiuhT3f6bbatgaUCXWS0=
-27,6,6I6Sd5ObmvYS5tKKX5aKnsU/BkA=,VoRoBfLwMk9uQ4rNpforTGdlbfw=
-19,9,6I6Sd5ObmvYS5tKKX5aKnsU/BkA=,ZbEa8QlVO+5QAotavOMzFIpCl3Y=
-22,4,6I6Sd5ObmvYS5tKKX5aKnsU/BkA=,6+ffdD9sc8NZqy63r00TRZYKPHg=
-21,9,6I6Sd5ObmvYS5tKKX5aKnsU/BkA=,ZbEa8QlVO+5QAotavOMzFIpCl3Y=
-21,6,6I6Sd5ObmvYS5tKKX5aKnsU/BkA=,6+ffdD9sc8NZqy63r00TRZYKPHg=
-18,6,6I6Sd5ObmvYS5tKKX5aKnsU/BkA=,6+ffdD9sc8NZqy63r00TRZYKPHg=
-20,6,6I6Sd5ObmvYS5tKKX5aKnsU/BkA=,6+ffdD9sc8NZqy63r00TRZYKPHg=
-25,10,6I6Sd5ObmvYS5tKKX5aKnsU/BkA=,bhFcng2YiuhT3f6bbatgaUCXWS0=
-19,6,6I6Sd5ObmvYS5tKKX5aKnsU/BkA=,6+ffdD9sc8NZqy63r00TRZYKPHg=
-23,4,6I6Sd5ObmvYS5tKKX5aKnsU/BkA=,6+ffdD9sc8NZqy63r00TRZYKPHg=
-19,5,6I6Sd5ObmvYS5tKKX5aKnsU/BkA=,6+ffdD9sc8NZqy63r00TRZYKPHg=
-18,7,6I6Sd5ObmvYS5tKKX5aKnsU/BkA=,6+ffdD9sc8NZqy63r00TRZYKPHg=
-23,9,6I6Sd5ObmvYS5tKKX5aKnsU/BkA=,ZbEa8QlVO+5QAotavOMzFIpCl3Y=
-24,4,6I6Sd5ObmvYS5tKKX5aKnsU/BkA=,6+ffdD9sc8NZqy63r00TRZYKPHg=
-17,3,6I6Sd5ObmvYS5tKKX5aKnsU/BkA=,6+ffdD9sc8NZqy63r00TRZYKPHg=
-22,9,6I6Sd5ObmvYS5tKKX5aKnsU/BkA=,ZbEa8QlVO+5QAotavOMzFIpCl3Y=
-25,6,6I6Sd5ObmvYS5tKKX5aKnsU/BkA=,VoRoBfLwMk9uQ4rNpforTGdlbfw=
-18,3,6I6Sd5ObmvYS5tKKX5aKnsU/BkA=,6+ffdD9sc8NZqy63r00TRZYKPHg=
-20,3,6I6Sd5ObmvYS5tKKX5aKnsU/BkA=,6+ffdD9sc8NZqy63r00TRZYKPHg=
-19,3,6I6Sd5ObmvYS5tKKX5aKnsU/BkA=,6+ffdD9sc8NZqy63r00TRZYKPHg=
-26,8,6I6Sd5ObmvYS5tKKX5aKnsU/BkA=,bhFcng2YiuhT3f6bbatgaUCXWS0=
-22,6,6I6Sd5ObmvYS5tKKX5aKnsU/BkA=,6+ffdD9sc8NZqy63r00TRZYKPHg=
-26,9,6I6Sd5ObmvYS5tKKX5aKnsU/BkA=,bhFcng2YiuhT3f6bbatgaUCXWS0=
-24,9,6I6Sd5ObmvYS5tKKX5aKnsU/BkA=,ZbEa8QlVO+5QAotavOMzFIpCl3Y=
-17,8,6I6Sd5ObmvYS5tKKX5aKnsU/BkA=,ZbEa8QlVO+5QAotavOMzFIpCl3Y=
-20,8,6I6Sd5ObmvYS5tKKX5aKnsU/BkA=,ZbEa8QlVO+5QAotavOMzFIpCl3Y=
-19,8,6I6Sd5ObmvYS5tKKX5aKnsU/BkA=,ZbEa8QlVO+5QAotavOMzFIpCl3Y=
-24,6,6I6Sd5ObmvYS5tKKX5aKnsU/BkA=,6+ffdD9sc8NZqy63r00TRZYKPHg=
-17,10,6I6Sd5ObmvYS5tKKX5aKnsU/BkA=,ZbEa8QlVO+5QAotavOMzFIpCl3Y=
-22,8,6I6Sd5ObmvYS5tKKX5aKnsU/BkA=,ZbEa8QlVO+5QAotavOMzFIpCl3Y=
-18,8,6I6Sd5ObmvYS5tKKX5aKnsU/BkA=,ZbEa8QlVO+5QAotavOMzFIpCl3Y=
-18,10,6I6Sd5ObmvYS5tKKX5aKnsU/BkA=,ZbEa8QlVO+5QAotavOMzFIpCl3Y=
-21,8,6I6Sd5ObmvYS5tKKX5aKnsU/BkA=,ZbEa8QlVO+5QAotavOMzFIpCl3Y=
-25,9,6I6Sd5ObmvYS5tKKX5aKnsU/BkA=,bhFcng2YiuhT3f6bbatgaUCXWS0=
-23,8,6I6Sd5ObmvYS5tKKX5aKnsU/BkA=,ZbEa8QlVO+5QAotavOMzFIpCl3Y=
-18,5,6I6Sd5ObmvYS5tKKX5aKnsU/BkA=,6+ffdD9sc8NZqy63r00TRZYKPHg=
-23,6,6I6Sd5ObmvYS5tKKX5aKnsU/BkA=,6+ffdD9sc8NZqy63r00TRZYKPHg=
-20,7,6I6Sd5ObmvYS5tKKX5aKnsU/BkA=,6+ffdD9sc8NZqy63r00TRZYKPHg=
-19,7,6I6Sd5ObmvYS5tKKX5aKnsU/BkA=,6+ffdD9sc8NZqy63r00TRZYKPHg=
-17,5,6I6Sd5ObmvYS5tKKX5aKnsU/BkA=,6+ffdD9sc8NZqy63r00TRZYKPHg=
-24,8,6I6Sd5ObmvYS5tKKX5aKnsU/BkA=,ZbEa8QlVO+5QAotavOMzFIpCl3Y=
-19,13,6I6Sd5ObmvYS5tKKX5aKnsU/BkA=,ZbEa8QlVO+5QAotavOMzFIpCl3Y=
-22,3,6I6Sd5ObmvYS5tKKX5aKnsU/BkA=,6+ffdD9sc8NZqy63r00TRZYKPHg=
-19,14,6I6Sd5ObmvYS5tKKX5aKnsU/BkA=,ZbEa8QlVO+5QAotavOMzFIpCl3Y=
-18,13,6I6Sd5ObmvYS5tKKX5aKnsU/BkA=,ZbEa8QlVO+5QAotavOMzFIpCl3Y=
-19,15,6I6Sd5ObmvYS5tKKX5aKnsU/BkA=,ZbEa8QlVO+5QAotavOMzFIpCl3Y=
-18,14,6I6Sd5ObmvYS5tKKX5aKnsU/BkA=,ZbEa8QlVO+5QAotavOMzFIpCl3Y=
-18,15,6I6Sd5ObmvYS5tKKX5aKnsU/BkA=,ZbEa8QlVO+5QAotavOMzFIpCl3Y=
-17,13,6I6Sd5ObmvYS5tKKX5aKnsU/BkA=,ZbEa8QlVO+5QAotavOMzFIpCl3Y=
-17,14,6I6Sd5ObmvYS5tKKX5aKnsU/BkA=,ZbEa8QlVO+5QAotavOMzFIpCl3Y=
-17,15,6I6Sd5ObmvYS5tKKX5aKnsU/BkA=,ZbEa8QlVO+5QAotavOMzFIpCl3Y=
-19,20,yd2wEin6JcJsHnGRKcOLnwv6eqw=,DdkkCGV/tLEgHra0O74O6V8xswM=
-17,21,yd2wEin6JcJsHnGRKcOLnwv6eqw=,DdkkCGV/tLEgHra0O74O6V8xswM=
-22,20,yd2wEin6JcJsHnGRKcOLnwv6eqw=,DdkkCGV/tLEgHra0O74O6V8xswM=
-21,20,yd2wEin6JcJsHnGRKcOLnwv6eqw=,DdkkCGV/tLEgHra0O74O6V8xswM=
-17,23,yd2wEin6JcJsHnGRKcOLnwv6eqw=,DdkkCGV/tLEgHra0O74O6V8xswM=
-24,21,yd2wEin6JcJsHnGRKcOLnwv6eqw=,DdkkCGV/tLEgHra0O74O6V8xswM=
-18,22,yd2wEin6JcJsHnGRKcOLnwv6eqw=,DdkkCGV/tLEgHra0O74O6V8xswM=
-19,21,yd2wEin6JcJsHnGRKcOLnwv6eqw=,DdkkCGV/tLEgHra0O74O6V8xswM=
-18,21,yd2wEin6JcJsHnGRKcOLnwv6eqw=,DdkkCGV/tLEgHra0O74O6V8xswM=
-24,17,yd2wEin6JcJsHnGRKcOLnwv6eqw=,DdkkCGV/tLEgHra0O74O6V8xswM=
-20,23,yd2wEin6JcJsHnGRKcOLnwv6eqw=,DdkkCGV/tLEgHra0O74O6V8xswM=
-20,21,yd2wEin6JcJsHnGRKcOLnwv6eqw=,DdkkCGV/tLEgHra0O74O6V8xswM=
-19,22,yd2wEin6JcJsHnGRKcOLnwv6eqw=,DdkkCGV/tLEgHra0O74O6V8xswM=
-20,22,yd2wEin6JcJsHnGRKcOLnwv6eqw=,DdkkCGV/tLEgHra0O74O6V8xswM=
-20,20,yd2wEin6JcJsHnGRKcOLnwv6eqw=,DdkkCGV/tLEgHra0O74O6V8xswM=
-21,22,yd2wEin6JcJsHnGRKcOLnwv6eqw=,DdkkCGV/tLEgHra0O74O6V8xswM=
-24,20,yd2wEin6JcJsHnGRKcOLnwv6eqw=,DdkkCGV/tLEgHra0O74O6V8xswM=
-22,22,yd2wEin6JcJsHnGRKcOLnwv6eqw=,DdkkCGV/tLEgHra0O74O6V8xswM=
-23,22,yd2wEin6JcJsHnGRKcOLnwv6eqw=,DdkkCGV/tLEgHra0O74O6V8xswM=
-24,23,yd2wEin6JcJsHnGRKcOLnwv6eqw=,DdkkCGV/tLEgHra0O74O6V8xswM=
-22,18,yd2wEin6JcJsHnGRKcOLnwv6eqw=,DdkkCGV/tLEgHra0O74O6V8xswM=
-21,21,yd2wEin6JcJsHnGRKcOLnwv6eqw=,DdkkCGV/tLEgHra0O74O6V8xswM=
-24,22,yd2wEin6JcJsHnGRKcOLnwv6eqw=,DdkkCGV/tLEgHra0O74O6V8xswM=
-21,18,yd2wEin6JcJsHnGRKcOLnwv6eqw=,DdkkCGV/tLEgHra0O74O6V8xswM=
-17,22,yd2wEin6JcJsHnGRKcOLnwv6eqw=,DdkkCGV/tLEgHra0O74O6V8xswM=
-19,19,yd2wEin6JcJsHnGRKcOLnwv6eqw=,DdkkCGV/tLEgHra0O74O6V8xswM=
-20,19,yd2wEin6JcJsHnGRKcOLnwv6eqw=,DdkkCGV/tLEgHra0O74O6V8xswM=
-23,18,yd2wEin6JcJsHnGRKcOLnwv6eqw=,DdkkCGV/tLEgHra0O74O6V8xswM=
-20,18,yd2wEin6JcJsHnGRKcOLnwv6eqw=,DdkkCGV/tLEgHra0O74O6V8xswM=
-20,16,yd2wEin6JcJsHnGRKcOLnwv6eqw=,DdkkCGV/tLEgHra0O74O6V8xswM=
-22,23,yd2wEin6JcJsHnGRKcOLnwv6eqw=,DdkkCGV/tLEgHra0O74O6V8xswM=
-21,23,yd2wEin6JcJsHnGRKcOLnwv6eqw=,DdkkCGV/tLEgHra0O74O6V8xswM=
-18,23,yd2wEin6JcJsHnGRKcOLnwv6eqw=,DdkkCGV/tLEgHra0O74O6V8xswM=
-21,16,yd2wEin6JcJsHnGRKcOLnwv6eqw=,DdkkCGV/tLEgHra0O74O6V8xswM=
-23,23,yd2wEin6JcJsHnGRKcOLnwv6eqw=,DdkkCGV/tLEgHra0O74O6V8xswM=
-22,16,yd2wEin6JcJsHnGRKcOLnwv6eqw=,DdkkCGV/tLEgHra0O74O6V8xswM=
-23,20,yd2wEin6JcJsHnGRKcOLnwv6eqw=,DdkkCGV/tLEgHra0O74O6V8xswM=
-23,16,yd2wEin6JcJsHnGRKcOLnwv6eqw=,DdkkCGV/tLEgHra0O74O6V8xswM=
-21,17,yd2wEin6JcJsHnGRKcOLnwv6eqw=,DdkkCGV/tLEgHra0O74O6V8xswM=
-21,19,yd2wEin6JcJsHnGRKcOLnwv6eqw=,DdkkCGV/tLEgHra0O74O6V8xswM=
-22,21,yd2wEin6JcJsHnGRKcOLnwv6eqw=,DdkkCGV/tLEgHra0O74O6V8xswM=
-22,19,yd2wEin6JcJsHnGRKcOLnwv6eqw=,DdkkCGV/tLEgHra0O74O6V8xswM=
-19,23,yd2wEin6JcJsHnGRKcOLnwv6eqw=,DdkkCGV/tLEgHra0O74O6V8xswM=
-23,17,yd2wEin6JcJsHnGRKcOLnwv6eqw=,DdkkCGV/tLEgHra0O74O6V8xswM=
-24,16,yd2wEin6JcJsHnGRKcOLnwv6eqw=,DdkkCGV/tLEgHra0O74O6V8xswM=
-23,19,yd2wEin6JcJsHnGRKcOLnwv6eqw=,DdkkCGV/tLEgHra0O74O6V8xswM=
-23,21,yd2wEin6JcJsHnGRKcOLnwv6eqw=,DdkkCGV/tLEgHra0O74O6V8xswM=
-19,16,yd2wEin6JcJsHnGRKcOLnwv6eqw=,DdkkCGV/tLEgHra0O74O6V8xswM=
-24,18,yd2wEin6JcJsHnGRKcOLnwv6eqw=,DdkkCGV/tLEgHra0O74O6V8xswM=
-17,20,yd2wEin6JcJsHnGRKcOLnwv6eqw=,DdkkCGV/tLEgHra0O74O6V8xswM=
-22,17,yd2wEin6JcJsHnGRKcOLnwv6eqw=,DdkkCGV/tLEgHra0O74O6V8xswM=
-24,19,yd2wEin6JcJsHnGRKcOLnwv6eqw=,DdkkCGV/tLEgHra0O74O6V8xswM=
-18,20,yd2wEin6JcJsHnGRKcOLnwv6eqw=,DdkkCGV/tLEgHra0O74O6V8xswM=
-20,17,yd2wEin6JcJsHnGRKcOLnwv6eqw=,DdkkCGV/tLEgHra0O74O6V8xswM=
-18,19,yd2wEin6JcJsHnGRKcOLnwv6eqw=,DdkkCGV/tLEgHra0O74O6V8xswM=
-18,16,yd2wEin6JcJsHnGRKcOLnwv6eqw=,DdkkCGV/tLEgHra0O74O6V8xswM=
-19,17,yd2wEin6JcJsHnGRKcOLnwv6eqw=,DdkkCGV/tLEgHra0O74O6V8xswM=
-17,16,yd2wEin6JcJsHnGRKcOLnwv6eqw=,DdkkCGV/tLEgHra0O74O6V8xswM=
-19,18,yd2wEin6JcJsHnGRKcOLnwv6eqw=,DdkkCGV/tLEgHra0O74O6V8xswM=
-18,17,yd2wEin6JcJsHnGRKcOLnwv6eqw=,DdkkCGV/tLEgHra0O74O6V8xswM=
-17,19,yd2wEin6JcJsHnGRKcOLnwv6eqw=,DdkkCGV/tLEgHra0O74O6V8xswM=
-18,18,yd2wEin6JcJsHnGRKcOLnwv6eqw=,DdkkCGV/tLEgHra0O74O6V8xswM=
-17,17,yd2wEin6JcJsHnGRKcOLnwv6eqw=,DdkkCGV/tLEgHra0O74O6V8xswM=
-17,18,yd2wEin6JcJsHnGRKcOLnwv6eqw=,DdkkCGV/tLEgHra0O74O6V8xswM=
-13,28,+dgJ+gQcyOI/inTMYzhO1L0K/QA=,cKWZ1pzPSNLmIPMFJlHhBz8ExmI=
-12,27,+dgJ+gQcyOI/inTMYzhO1L0K/QA=,cKWZ1pzPSNLmIPMFJlHhBz8ExmI=
-13,27,+dgJ+gQcyOI/inTMYzhO1L0K/QA=,cKWZ1pzPSNLmIPMFJlHhBz8ExmI=
-12,28,+dgJ+gQcyOI/inTMYzhO1L0K/QA=,cKWZ1pzPSNLmIPMFJlHhBz8ExmI=
-4,27,t3jjy4XBrcsdOazobYUuY8zpWQo=,IEmAJyG5R+KNVjqeIjx/syyozI4=
-8,28,t3jjy4XBrcsdOazobYUuY8zpWQo=,IEmAJyG5R+KNVjqeIjx/syyozI4=
-11,28,t3jjy4XBrcsdOazobYUuY8zpWQo=,cKWZ1pzPSNLmIPMFJlHhBz8ExmI=
-7,28,t3jjy4XBrcsdOazobYUuY8zpWQo=,IEmAJyG5R+KNVjqeIjx/syyozI4=
-8,27,t3jjy4XBrcsdOazobYUuY8zpWQo=,IEmAJyG5R+KNVjqeIjx/syyozI4=
-10,28,t3jjy4XBrcsdOazobYUuY8zpWQo=,cKWZ1pzPSNLmIPMFJlHhBz8ExmI=
-6,28,t3jjy4XBrcsdOazobYUuY8zpWQo=,IEmAJyG5R+KNVjqeIjx/syyozI4=
-5,28,t3jjy4XBrcsdOazobYUuY8zpWQo=,IEmAJyG5R+KNVjqeIjx/syyozI4=
-9,28,t3jjy4XBrcsdOazobYUuY8zpWQo=,cKWZ1pzPSNLmIPMFJlHhBz8ExmI=
-4,28,t3jjy4XBrcsdOazobYUuY8zpWQo=,IEmAJyG5R+KNVjqeIjx/syyozI4=
-7,27,t3jjy4XBrcsdOazobYUuY8zpWQo=,IEmAJyG5R+KNVjqeIjx/syyozI4=
-6,27,t3jjy4XBrcsdOazobYUuY8zpWQo=,IEmAJyG5R+KNVjqeIjx/syyozI4=
-5,27,t3jjy4XBrcsdOazobYUuY8zpWQo=,IEmAJyG5R+KNVjqeIjx/syyozI4=
-11,27,t3jjy4XBrcsdOazobYUuY8zpWQo=,cKWZ1pzPSNLmIPMFJlHhBz8ExmI=
-10,27,t3jjy4XBrcsdOazobYUuY8zpWQo=,cKWZ1pzPSNLmIPMFJlHhBz8ExmI=
-9,27,t3jjy4XBrcsdOazobYUuY8zpWQo=,cKWZ1pzPSNLmIPMFJlHhBz8ExmI=
-13,24,t3jjy4XBrcsdOazobYUuY8zpWQo=,cKWZ1pzPSNLmIPMFJlHhBz8ExmI=
-12,24,t3jjy4XBrcsdOazobYUuY8zpWQo=,cKWZ1pzPSNLmIPMFJlHhBz8ExmI=
-13,22,t3jjy4XBrcsdOazobYUuY8zpWQo=,dgoXS7WagybKyA6ft0Wx4q2wgkM=
-12,22,t3jjy4XBrcsdOazobYUuY8zpWQo=,dgoXS7WagybKyA6ft0Wx4q2wgkM=
-13,25,t3jjy4XBrcsdOazobYUuY8zpWQo=,cKWZ1pzPSNLmIPMFJlHhBz8ExmI=
-12,25,t3jjy4XBrcsdOazobYUuY8zpWQo=,cKWZ1pzPSNLmIPMFJlHhBz8ExmI=
-13,19,t3jjy4XBrcsdOazobYUuY8zpWQo=,dgoXS7WagybKyA6ft0Wx4q2wgkM=
-12,19,t3jjy4XBrcsdOazobYUuY8zpWQo=,dgoXS7WagybKyA6ft0Wx4q2wgkM=
-13,23,t3jjy4XBrcsdOazobYUuY8zpWQo=,dgoXS7WagybKyA6ft0Wx4q2wgkM=
-12,26,t3jjy4XBrcsdOazobYUuY8zpWQo=,cKWZ1pzPSNLmIPMFJlHhBz8ExmI=
-12,23,t3jjy4XBrcsdOazobYUuY8zpWQo=,dgoXS7WagybKyA6ft0Wx4q2wgkM=
-13,21,t3jjy4XBrcsdOazobYUuY8zpWQo=,dgoXS7WagybKyA6ft0Wx4q2wgkM=
-13,20,t3jjy4XBrcsdOazobYUuY8zpWQo=,dgoXS7WagybKyA6ft0Wx4q2wgkM=
-12,20,t3jjy4XBrcsdOazobYUuY8zpWQo=,dgoXS7WagybKyA6ft0Wx4q2wgkM=
-12,21,t3jjy4XBrcsdOazobYUuY8zpWQo=,dgoXS7WagybKyA6ft0Wx4q2wgkM=
-13,26,t3jjy4XBrcsdOazobYUuY8zpWQo=,cKWZ1pzPSNLmIPMFJlHhBz8ExmI=
-3,27,t3jjy4XBrcsdOazobYUuY8zpWQo=,IEmAJyG5R+KNVjqeIjx/syyozI4=
-2,27,t3jjy4XBrcsdOazobYUuY8zpWQo=,IEmAJyG5R+KNVjqeIjx/syyozI4=
-1,28,t3jjy4XBrcsdOazobYUuY8zpWQo=,IEmAJyG5R+KNVjqeIjx/syyozI4=
-1,27,t3jjy4XBrcsdOazobYUuY8zpWQo=,IEmAJyG5R+KNVjqeIjx/syyozI4=
-3,28,t3jjy4XBrcsdOazobYUuY8zpWQo=,IEmAJyG5R+KNVjqeIjx/syyozI4=
-2,28,t3jjy4XBrcsdOazobYUuY8zpWQo=,IEmAJyG5R+KNVjqeIjx/syyozI4=
-13,29,tHjtCOclJBozLzA/Q4MW9JV5O7U=,cKWZ1pzPSNLmIPMFJlHhBz8ExmI=
-12,29,tHjtCOclJBozLzA/Q4MW9JV5O7U=,cKWZ1pzPSNLmIPMFJlHhBz8ExmI=
-13,30,tHjtCOclJBozLzA/Q4MW9JV5O7U=,cKWZ1pzPSNLmIPMFJlHhBz8ExmI=
-13,31,tHjtCOclJBozLzA/Q4MW9JV5O7U=,cKWZ1pzPSNLmIPMFJlHhBz8ExmI=
-12,30,tHjtCOclJBozLzA/Q4MW9JV5O7U=,cKWZ1pzPSNLmIPMFJlHhBz8ExmI=
-12,31,tHjtCOclJBozLzA/Q4MW9JV5O7U=,cKWZ1pzPSNLmIPMFJlHhBz8ExmI=
-10,31,tHjtCOclJBozLzA/Q4MW9JV5O7U=,cKWZ1pzPSNLmIPMFJlHhBz8ExmI=
-9,31,tHjtCOclJBozLzA/Q4MW9JV5O7U=,cKWZ1pzPSNLmIPMFJlHhBz8ExmI=
-8,29,tHjtCOclJBozLzA/Q4MW9JV5O7U=,IEmAJyG5R+KNVjqeIjx/syyozI4=
-7,29,tHjtCOclJBozLzA/Q4MW9JV5O7U=,IEmAJyG5R+KNVjqeIjx/syyozI4=
-6,29,tHjtCOclJBozLzA/Q4MW9JV5O7U=,IEmAJyG5R+KNVjqeIjx/syyozI4=
-5,29,tHjtCOclJBozLzA/Q4MW9JV5O7U=,IEmAJyG5R+KNVjqeIjx/syyozI4=
-4,29,tHjtCOclJBozLzA/Q4MW9JV5O7U=,IEmAJyG5R+KNVjqeIjx/syyozI4=
-11,29,tHjtCOclJBozLzA/Q4MW9JV5O7U=,cKWZ1pzPSNLmIPMFJlHhBz8ExmI=
-10,29,tHjtCOclJBozLzA/Q4MW9JV5O7U=,cKWZ1pzPSNLmIPMFJlHhBz8ExmI=
-9,29,tHjtCOclJBozLzA/Q4MW9JV5O7U=,cKWZ1pzPSNLmIPMFJlHhBz8ExmI=
-8,30,tHjtCOclJBozLzA/Q4MW9JV5O7U=,IEmAJyG5R+KNVjqeIjx/syyozI4=
-7,30,tHjtCOclJBozLzA/Q4MW9JV5O7U=,IEmAJyG5R+KNVjqeIjx/syyozI4=
-6,30,tHjtCOclJBozLzA/Q4MW9JV5O7U=,IEmAJyG5R+KNVjqeIjx/syyozI4=
-5,30,tHjtCOclJBozLzA/Q4MW9JV5O7U=,IEmAJyG5R+KNVjqeIjx/syyozI4=
-4,30,tHjtCOclJBozLzA/Q4MW9JV5O7U=,IEmAJyG5R+KNVjqeIjx/syyozI4=
-8,31,tHjtCOclJBozLzA/Q4MW9JV5O7U=,IEmAJyG5R+KNVjqeIjx/syyozI4=
-7,31,tHjtCOclJBozLzA/Q4MW9JV5O7U=,IEmAJyG5R+KNVjqeIjx/syyozI4=
-6,31,tHjtCOclJBozLzA/Q4MW9JV5O7U=,IEmAJyG5R+KNVjqeIjx/syyozI4=
-5,31,tHjtCOclJBozLzA/Q4MW9JV5O7U=,IEmAJyG5R+KNVjqeIjx/syyozI4=
-4,31,tHjtCOclJBozLzA/Q4MW9JV5O7U=,IEmAJyG5R+KNVjqeIjx/syyozI4=
-11,30,tHjtCOclJBozLzA/Q4MW9JV5O7U=,cKWZ1pzPSNLmIPMFJlHhBz8ExmI=
-10,30,tHjtCOclJBozLzA/Q4MW9JV5O7U=,cKWZ1pzPSNLmIPMFJlHhBz8ExmI=
-11,31,tHjtCOclJBozLzA/Q4MW9JV5O7U=,cKWZ1pzPSNLmIPMFJlHhBz8ExmI=
-9,30,tHjtCOclJBozLzA/Q4MW9JV5O7U=,cKWZ1pzPSNLmIPMFJlHhBz8ExmI=
-16,28,t3jjy4XBrcsdOazobYUuY8zpWQo=,cKWZ1pzPSNLmIPMFJlHhBz8ExmI=
-15,28,t3jjy4XBrcsdOazobYUuY8zpWQo=,cKWZ1pzPSNLmIPMFJlHhBz8ExmI=
-14,28,t3jjy4XBrcsdOazobYUuY8zpWQo=,cKWZ1pzPSNLmIPMFJlHhBz8ExmI=
-14,27,t3jjy4XBrcsdOazobYUuY8zpWQo=,cKWZ1pzPSNLmIPMFJlHhBz8ExmI=
-16,27,t3jjy4XBrcsdOazobYUuY8zpWQo=,cKWZ1pzPSNLmIPMFJlHhBz8ExmI=
-15,27,t3jjy4XBrcsdOazobYUuY8zpWQo=,cKWZ1pzPSNLmIPMFJlHhBz8ExmI=
-3,29,tHjtCOclJBozLzA/Q4MW9JV5O7U=,IEmAJyG5R+KNVjqeIjx/syyozI4=
-2,29,tHjtCOclJBozLzA/Q4MW9JV5O7U=,IEmAJyG5R+KNVjqeIjx/syyozI4=
-1,29,tHjtCOclJBozLzA/Q4MW9JV5O7U=,IEmAJyG5R+KNVjqeIjx/syyozI4=
-3,30,tHjtCOclJBozLzA/Q4MW9JV5O7U=,IEmAJyG5R+KNVjqeIjx/syyozI4=
-2,30,tHjtCOclJBozLzA/Q4MW9JV5O7U=,IEmAJyG5R+KNVjqeIjx/syyozI4=
-1,30,tHjtCOclJBozLzA/Q4MW9JV5O7U=,IEmAJyG5R+KNVjqeIjx/syyozI4=
-3,31,tHjtCOclJBozLzA/Q4MW9JV5O7U=,IEmAJyG5R+KNVjqeIjx/syyozI4=
-2,31,tHjtCOclJBozLzA/Q4MW9JV5O7U=,IEmAJyG5R+KNVjqeIjx/syyozI4=
-1,31,tHjtCOclJBozLzA/Q4MW9JV5O7U=,IEmAJyG5R+KNVjqeIjx/syyozI4=
-16,31,tHjtCOclJBozLzA/Q4MW9JV5O7U=,cKWZ1pzPSNLmIPMFJlHhBz8ExmI=
-14,31,tHjtCOclJBozLzA/Q4MW9JV5O7U=,cKWZ1pzPSNLmIPMFJlHhBz8ExmI=
-15,30,tHjtCOclJBozLzA/Q4MW9JV5O7U=,cKWZ1pzPSNLmIPMFJlHhBz8ExmI=
-14,30,tHjtCOclJBozLzA/Q4MW9JV5O7U=,cKWZ1pzPSNLmIPMFJlHhBz8ExmI=
-16,30,tHjtCOclJBozLzA/Q4MW9JV5O7U=,cKWZ1pzPSNLmIPMFJlHhBz8ExmI=
-14,29,tHjtCOclJBozLzA/Q4MW9JV5O7U=,cKWZ1pzPSNLmIPMFJlHhBz8ExmI=
-16,29,tHjtCOclJBozLzA/Q4MW9JV5O7U=,cKWZ1pzPSNLmIPMFJlHhBz8ExmI=
-15,29,tHjtCOclJBozLzA/Q4MW9JV5O7U=,cKWZ1pzPSNLmIPMFJlHhBz8ExmI=
-15,31,tHjtCOclJBozLzA/Q4MW9JV5O7U=,cKWZ1pzPSNLmIPMFJlHhBz8ExmI=
-13,16,t3jjy4XBrcsdOazobYUuY8zpWQo=,dgoXS7WagybKyA6ft0Wx4q2wgkM=
-13,18,t3jjy4XBrcsdOazobYUuY8zpWQo=,dgoXS7WagybKyA6ft0Wx4q2wgkM=
-12,16,t3jjy4XBrcsdOazobYUuY8zpWQo=,dgoXS7WagybKyA6ft0Wx4q2wgkM=
-12,18,t3jjy4XBrcsdOazobYUuY8zpWQo=,dgoXS7WagybKyA6ft0Wx4q2wgkM=
-13,17,t3jjy4XBrcsdOazobYUuY8zpWQo=,dgoXS7WagybKyA6ft0Wx4q2wgkM=
-12,17,t3jjy4XBrcsdOazobYUuY8zpWQo=,dgoXS7WagybKyA6ft0Wx4q2wgkM=
-16,16,tHjtCOclJBozLzA/Q4MW9JV5O7U=,dgoXS7WagybKyA6ft0Wx4q2wgkM=
-14,24,tHjtCOclJBozLzA/Q4MW9JV5O7U=,cKWZ1pzPSNLmIPMFJlHhBz8ExmI=
-15,18,tHjtCOclJBozLzA/Q4MW9JV5O7U=,dgoXS7WagybKyA6ft0Wx4q2wgkM=
-15,16,tHjtCOclJBozLzA/Q4MW9JV5O7U=,dgoXS7WagybKyA6ft0Wx4q2wgkM=
-14,16,tHjtCOclJBozLzA/Q4MW9JV5O7U=,dgoXS7WagybKyA6ft0Wx4q2wgkM=
-16,18,tHjtCOclJBozLzA/Q4MW9JV5O7U=,dgoXS7WagybKyA6ft0Wx4q2wgkM=
-14,18,tHjtCOclJBozLzA/Q4MW9JV5O7U=,dgoXS7WagybKyA6ft0Wx4q2wgkM=
-16,25,tHjtCOclJBozLzA/Q4MW9JV5O7U=,cKWZ1pzPSNLmIPMFJlHhBz8ExmI=
-16,22,tHjtCOclJBozLzA/Q4MW9JV5O7U=,dgoXS7WagybKyA6ft0Wx4q2wgkM=
-15,22,tHjtCOclJBozLzA/Q4MW9JV5O7U=,dgoXS7WagybKyA6ft0Wx4q2wgkM=
-14,22,tHjtCOclJBozLzA/Q4MW9JV5O7U=,dgoXS7WagybKyA6ft0Wx4q2wgkM=
-15,25,tHjtCOclJBozLzA/Q4MW9JV5O7U=,cKWZ1pzPSNLmIPMFJlHhBz8ExmI=
-14,25,tHjtCOclJBozLzA/Q4MW9JV5O7U=,cKWZ1pzPSNLmIPMFJlHhBz8ExmI=
-16,19,tHjtCOclJBozLzA/Q4MW9JV5O7U=,dgoXS7WagybKyA6ft0Wx4q2wgkM=
-15,19,tHjtCOclJBozLzA/Q4MW9JV5O7U=,dgoXS7WagybKyA6ft0Wx4q2wgkM=
-15,23,tHjtCOclJBozLzA/Q4MW9JV5O7U=,dgoXS7WagybKyA6ft0Wx4q2wgkM=
-14,23,tHjtCOclJBozLzA/Q4MW9JV5O7U=,dgoXS7WagybKyA6ft0Wx4q2wgkM=
-16,23,tHjtCOclJBozLzA/Q4MW9JV5O7U=,dgoXS7WagybKyA6ft0Wx4q2wgkM=
-14,19,tHjtCOclJBozLzA/Q4MW9JV5O7U=,dgoXS7WagybKyA6ft0Wx4q2wgkM=
-14,21,tHjtCOclJBozLzA/Q4MW9JV5O7U=,dgoXS7WagybKyA6ft0Wx4q2wgkM=
-16,17,tHjtCOclJBozLzA/Q4MW9JV5O7U=,dgoXS7WagybKyA6ft0Wx4q2wgkM=
-15,21,tHjtCOclJBozLzA/Q4MW9JV5O7U=,dgoXS7WagybKyA6ft0Wx4q2wgkM=
-16,21,tHjtCOclJBozLzA/Q4MW9JV5O7U=,dgoXS7WagybKyA6ft0Wx4q2wgkM=
-15,24,tHjtCOclJBozLzA/Q4MW9JV5O7U=,cKWZ1pzPSNLmIPMFJlHhBz8ExmI=
-14,26,tHjtCOclJBozLzA/Q4MW9JV5O7U=,cKWZ1pzPSNLmIPMFJlHhBz8ExmI=
-16,24,tHjtCOclJBozLzA/Q4MW9JV5O7U=,cKWZ1pzPSNLmIPMFJlHhBz8ExmI=
-15,26,tHjtCOclJBozLzA/Q4MW9JV5O7U=,cKWZ1pzPSNLmIPMFJlHhBz8ExmI=
-16,26,tHjtCOclJBozLzA/Q4MW9JV5O7U=,cKWZ1pzPSNLmIPMFJlHhBz8ExmI=
-15,17,tHjtCOclJBozLzA/Q4MW9JV5O7U=,dgoXS7WagybKyA6ft0Wx4q2wgkM=
-16,20,tHjtCOclJBozLzA/Q4MW9JV5O7U=,dgoXS7WagybKyA6ft0Wx4q2wgkM=
-14,20,tHjtCOclJBozLzA/Q4MW9JV5O7U=,dgoXS7WagybKyA6ft0Wx4q2wgkM=
-15,20,tHjtCOclJBozLzA/Q4MW9JV5O7U=,dgoXS7WagybKyA6ft0Wx4q2wgkM=
-14,17,tHjtCOclJBozLzA/Q4MW9JV5O7U=,dgoXS7WagybKyA6ft0Wx4q2wgkM=
-9,26,tHjtCOclJBozLzA/Q4MW9JV5O7U=,cKWZ1pzPSNLmIPMFJlHhBz8ExmI=
-4,26,tHjtCOclJBozLzA/Q4MW9JV5O7U=,IEmAJyG5R+KNVjqeIjx/syyozI4=
-6,23,tHjtCOclJBozLzA/Q4MW9JV5O7U=,Wmi1K8gPeO5EWehKL0yeF0ISeFw=
-3,26,tHjtCOclJBozLzA/Q4MW9JV5O7U=,IEmAJyG5R+KNVjqeIjx/syyozI4=
-10,26,tHjtCOclJBozLzA/Q4MW9JV5O7U=,cKWZ1pzPSNLmIPMFJlHhBz8ExmI=
-7,21,tHjtCOclJBozLzA/Q4MW9JV5O7U=,Wmi1K8gPeO5EWehKL0yeF0ISeFw=
-11,26,tHjtCOclJBozLzA/Q4MW9JV5O7U=,cKWZ1pzPSNLmIPMFJlHhBz8ExmI=
-8,19,tHjtCOclJBozLzA/Q4MW9JV5O7U=,Wmi1K8gPeO5EWehKL0yeF0ISeFw=
-8,21,tHjtCOclJBozLzA/Q4MW9JV5O7U=,Wmi1K8gPeO5EWehKL0yeF0ISeFw=
-7,23,tHjtCOclJBozLzA/Q4MW9JV5O7U=,Wmi1K8gPeO5EWehKL0yeF0ISeFw=
-9,17,tHjtCOclJBozLzA/Q4MW9JV5O7U=,dgoXS7WagybKyA6ft0Wx4q2wgkM=
-9,21,tHjtCOclJBozLzA/Q4MW9JV5O7U=,dgoXS7WagybKyA6ft0Wx4q2wgkM=
-5,23,tHjtCOclJBozLzA/Q4MW9JV5O7U=,Wmi1K8gPeO5EWehKL0yeF0ISeFw=
-7,18,tHjtCOclJBozLzA/Q4MW9JV5O7U=,Wmi1K8gPeO5EWehKL0yeF0ISeFw=
-1,23,tHjtCOclJBozLzA/Q4MW9JV5O7U=,Wmi1K8gPeO5EWehKL0yeF0ISeFw=
-8,18,tHjtCOclJBozLzA/Q4MW9JV5O7U=,Wmi1K8gPeO5EWehKL0yeF0ISeFw=
-10,21,tHjtCOclJBozLzA/Q4MW9JV5O7U=,dgoXS7WagybKyA6ft0Wx4q2wgkM=
-7,19,tHjtCOclJBozLzA/Q4MW9JV5O7U=,Wmi1K8gPeO5EWehKL0yeF0ISeFw=
-9,16,tHjtCOclJBozLzA/Q4MW9JV5O7U=,dgoXS7WagybKyA6ft0Wx4q2wgkM=
-1,18,tHjtCOclJBozLzA/Q4MW9JV5O7U=,Wmi1K8gPeO5EWehKL0yeF0ISeFw=
-10,17,tHjtCOclJBozLzA/Q4MW9JV5O7U=,dgoXS7WagybKyA6ft0Wx4q2wgkM=
-9,20,tHjtCOclJBozLzA/Q4MW9JV5O7U=,dgoXS7WagybKyA6ft0Wx4q2wgkM=
-11,17,tHjtCOclJBozLzA/Q4MW9JV5O7U=,dgoXS7WagybKyA6ft0Wx4q2wgkM=
-5,21,tHjtCOclJBozLzA/Q4MW9JV5O7U=,Wmi1K8gPeO5EWehKL0yeF0ISeFw=
-6,21,tHjtCOclJBozLzA/Q4MW9JV5O7U=,Wmi1K8gPeO5EWehKL0yeF0ISeFw=
-7,17,tHjtCOclJBozLzA/Q4MW9JV5O7U=,Wmi1K8gPeO5EWehKL0yeF0ISeFw=
-10,20,tHjtCOclJBozLzA/Q4MW9JV5O7U=,dgoXS7WagybKyA6ft0Wx4q2wgkM=
-5,26,tHjtCOclJBozLzA/Q4MW9JV5O7U=,IEmAJyG5R+KNVjqeIjx/syyozI4=
-5,19,tHjtCOclJBozLzA/Q4MW9JV5O7U=,Wmi1K8gPeO5EWehKL0yeF0ISeFw=
-8,17,tHjtCOclJBozLzA/Q4MW9JV5O7U=,Wmi1K8gPeO5EWehKL0yeF0ISeFw=
-8,23,tHjtCOclJBozLzA/Q4MW9JV5O7U=,Wmi1K8gPeO5EWehKL0yeF0ISeFw=
-9,23,tHjtCOclJBozLzA/Q4MW9JV5O7U=,dgoXS7WagybKyA6ft0Wx4q2wgkM=
-1,17,tHjtCOclJBozLzA/Q4MW9JV5O7U=,Wmi1K8gPeO5EWehKL0yeF0ISeFw=
-11,21,tHjtCOclJBozLzA/Q4MW9JV5O7U=,dgoXS7WagybKyA6ft0Wx4q2wgkM=
-10,23,tHjtCOclJBozLzA/Q4MW9JV5O7U=,dgoXS7WagybKyA6ft0Wx4q2wgkM=
-11,20,tHjtCOclJBozLzA/Q4MW9JV5O7U=,dgoXS7WagybKyA6ft0Wx4q2wgkM=
-6,17,tHjtCOclJBozLzA/Q4MW9JV5O7U=,Wmi1K8gPeO5EWehKL0yeF0ISeFw=
-2,20,tHjtCOclJBozLzA/Q4MW9JV5O7U=,Wmi1K8gPeO5EWehKL0yeF0ISeFw=
-5,18,tHjtCOclJBozLzA/Q4MW9JV5O7U=,Wmi1K8gPeO5EWehKL0yeF0ISeFw=
-3,20,tHjtCOclJBozLzA/Q4MW9JV5O7U=,Wmi1K8gPeO5EWehKL0yeF0ISeFw=
-6,16,tHjtCOclJBozLzA/Q4MW9JV5O7U=,Wmi1K8gPeO5EWehKL0yeF0ISeFw=
-7,16,tHjtCOclJBozLzA/Q4MW9JV5O7U=,Wmi1K8gPeO5EWehKL0yeF0ISeFw=
-6,26,tHjtCOclJBozLzA/Q4MW9JV5O7U=,IEmAJyG5R+KNVjqeIjx/syyozI4=
-8,16,tHjtCOclJBozLzA/Q4MW9JV5O7U=,Wmi1K8gPeO5EWehKL0yeF0ISeFw=
-7,26,tHjtCOclJBozLzA/Q4MW9JV5O7U=,IEmAJyG5R+KNVjqeIjx/syyozI4=
-1,25,tHjtCOclJBozLzA/Q4MW9JV5O7U=,IEmAJyG5R+KNVjqeIjx/syyozI4=
-8,26,tHjtCOclJBozLzA/Q4MW9JV5O7U=,IEmAJyG5R+KNVjqeIjx/syyozI4=
-2,25,tHjtCOclJBozLzA/Q4MW9JV5O7U=,IEmAJyG5R+KNVjqeIjx/syyozI4=
-2,18,tHjtCOclJBozLzA/Q4MW9JV5O7U=,Wmi1K8gPeO5EWehKL0yeF0ISeFw=
-5,16,tHjtCOclJBozLzA/Q4MW9JV5O7U=,Wmi1K8gPeO5EWehKL0yeF0ISeFw=
-4,21,tHjtCOclJBozLzA/Q4MW9JV5O7U=,Wmi1K8gPeO5EWehKL0yeF0ISeFw=
-6,19,tHjtCOclJBozLzA/Q4MW9JV5O7U=,Wmi1K8gPeO5EWehKL0yeF0ISeFw=
-5,20,tHjtCOclJBozLzA/Q4MW9JV5O7U=,Wmi1K8gPeO5EWehKL0yeF0ISeFw=
-10,16,tHjtCOclJBozLzA/Q4MW9JV5O7U=,dgoXS7WagybKyA6ft0Wx4q2wgkM=
-9,19,tHjtCOclJBozLzA/Q4MW9JV5O7U=,dgoXS7WagybKyA6ft0Wx4q2wgkM=
-10,19,tHjtCOclJBozLzA/Q4MW9JV5O7U=,dgoXS7WagybKyA6ft0Wx4q2wgkM=
-11,19,tHjtCOclJBozLzA/Q4MW9JV5O7U=,dgoXS7WagybKyA6ft0Wx4q2wgkM=
-6,18,tHjtCOclJBozLzA/Q4MW9JV5O7U=,Wmi1K8gPeO5EWehKL0yeF0ISeFw=
-4,18,tHjtCOclJBozLzA/Q4MW9JV5O7U=,Wmi1K8gPeO5EWehKL0yeF0ISeFw=
-3,16,tHjtCOclJBozLzA/Q4MW9JV5O7U=,Wmi1K8gPeO5EWehKL0yeF0ISeFw=
-9,25,tHjtCOclJBozLzA/Q4MW9JV5O7U=,cKWZ1pzPSNLmIPMFJlHhBz8ExmI=
-2,17,tHjtCOclJBozLzA/Q4MW9JV5O7U=,Wmi1K8gPeO5EWehKL0yeF0ISeFw=
-11,23,tHjtCOclJBozLzA/Q4MW9JV5O7U=,dgoXS7WagybKyA6ft0Wx4q2wgkM=
-3,25,tHjtCOclJBozLzA/Q4MW9JV5O7U=,IEmAJyG5R+KNVjqeIjx/syyozI4=
-5,25,tHjtCOclJBozLzA/Q4MW9JV5O7U=,IEmAJyG5R+KNVjqeIjx/syyozI4=
-5,17,tHjtCOclJBozLzA/Q4MW9JV5O7U=,Wmi1K8gPeO5EWehKL0yeF0ISeFw=
-9,22,tHjtCOclJBozLzA/Q4MW9JV5O7U=,dgoXS7WagybKyA6ft0Wx4q2wgkM=
-10,25,tHjtCOclJBozLzA/Q4MW9JV5O7U=,cKWZ1pzPSNLmIPMFJlHhBz8ExmI=
-10,22,tHjtCOclJBozLzA/Q4MW9JV5O7U=,dgoXS7WagybKyA6ft0Wx4q2wgkM=
-11,25,tHjtCOclJBozLzA/Q4MW9JV5O7U=,cKWZ1pzPSNLmIPMFJlHhBz8ExmI=
-4,25,tHjtCOclJBozLzA/Q4MW9JV5O7U=,IEmAJyG5R+KNVjqeIjx/syyozI4=
-7,22,tHjtCOclJBozLzA/Q4MW9JV5O7U=,Wmi1K8gPeO5EWehKL0yeF0ISeFw=
-3,17,tHjtCOclJBozLzA/Q4MW9JV5O7U=,Wmi1K8gPeO5EWehKL0yeF0ISeFw=
-9,18,tHjtCOclJBozLzA/Q4MW9JV5O7U=,dgoXS7WagybKyA6ft0Wx4q2wgkM=
-8,20,tHjtCOclJBozLzA/Q4MW9JV5O7U=,Wmi1K8gPeO5EWehKL0yeF0ISeFw=
-6,25,tHjtCOclJBozLzA/Q4MW9JV5O7U=,IEmAJyG5R+KNVjqeIjx/syyozI4=
-11,22,tHjtCOclJBozLzA/Q4MW9JV5O7U=,dgoXS7WagybKyA6ft0Wx4q2wgkM=
-10,18,tHjtCOclJBozLzA/Q4MW9JV5O7U=,dgoXS7WagybKyA6ft0Wx4q2wgkM=
-11,18,tHjtCOclJBozLzA/Q4MW9JV5O7U=,dgoXS7WagybKyA6ft0Wx4q2wgkM=
-11,16,tHjtCOclJBozLzA/Q4MW9JV5O7U=,dgoXS7WagybKyA6ft0Wx4q2wgkM=
-8,25,tHjtCOclJBozLzA/Q4MW9JV5O7U=,IEmAJyG5R+KNVjqeIjx/syyozI4=
-7,25,tHjtCOclJBozLzA/Q4MW9JV5O7U=,IEmAJyG5R+KNVjqeIjx/syyozI4=
-1,26,tHjtCOclJBozLzA/Q4MW9JV5O7U=,IEmAJyG5R+KNVjqeIjx/syyozI4=
-9,24,tHjtCOclJBozLzA/Q4MW9JV5O7U=,cKWZ1pzPSNLmIPMFJlHhBz8ExmI=
-1,24,tHjtCOclJBozLzA/Q4MW9JV5O7U=,IEmAJyG5R+KNVjqeIjx/syyozI4=
-10,24,tHjtCOclJBozLzA/Q4MW9JV5O7U=,cKWZ1pzPSNLmIPMFJlHhBz8ExmI=
-4,20,tHjtCOclJBozLzA/Q4MW9JV5O7U=,Wmi1K8gPeO5EWehKL0yeF0ISeFw=
-4,17,tHjtCOclJBozLzA/Q4MW9JV5O7U=,Wmi1K8gPeO5EWehKL0yeF0ISeFw=
-2,26,tHjtCOclJBozLzA/Q4MW9JV5O7U=,IEmAJyG5R+KNVjqeIjx/syyozI4=
-3,18,tHjtCOclJBozLzA/Q4MW9JV5O7U=,Wmi1K8gPeO5EWehKL0yeF0ISeFw=
-11,24,tHjtCOclJBozLzA/Q4MW9JV5O7U=,cKWZ1pzPSNLmIPMFJlHhBz8ExmI=
-6,22,tHjtCOclJBozLzA/Q4MW9JV5O7U=,Wmi1K8gPeO5EWehKL0yeF0ISeFw=
-4,16,tHjtCOclJBozLzA/Q4MW9JV5O7U=,Wmi1K8gPeO5EWehKL0yeF0ISeFw=
-2,23,tHjtCOclJBozLzA/Q4MW9JV5O7U=,Wmi1K8gPeO5EWehKL0yeF0ISeFw=
-6,24,tHjtCOclJBozLzA/Q4MW9JV5O7U=,IEmAJyG5R+KNVjqeIjx/syyozI4=
-8,22,tHjtCOclJBozLzA/Q4MW9JV5O7U=,Wmi1K8gPeO5EWehKL0yeF0ISeFw=
-5,24,tHjtCOclJBozLzA/Q4MW9JV5O7U=,IEmAJyG5R+KNVjqeIjx/syyozI4=
-2,16,tHjtCOclJBozLzA/Q4MW9JV5O7U=,Wmi1K8gPeO5EWehKL0yeF0ISeFw=
-1,16,tHjtCOclJBozLzA/Q4MW9JV5O7U=,Wmi1K8gPeO5EWehKL0yeF0ISeFw=
-1,22,tHjtCOclJBozLzA/Q4MW9JV5O7U=,Wmi1K8gPeO5EWehKL0yeF0ISeFw=
-4,23,tHjtCOclJBozLzA/Q4MW9JV5O7U=,Wmi1K8gPeO5EWehKL0yeF0ISeFw=
-7,24,tHjtCOclJBozLzA/Q4MW9JV5O7U=,IEmAJyG5R+KNVjqeIjx/syyozI4=
-7,20,tHjtCOclJBozLzA/Q4MW9JV5O7U=,Wmi1K8gPeO5EWehKL0yeF0ISeFw=
-8,24,tHjtCOclJBozLzA/Q4MW9JV5O7U=,IEmAJyG5R+KNVjqeIjx/syyozI4=
-5,22,tHjtCOclJBozLzA/Q4MW9JV5O7U=,Wmi1K8gPeO5EWehKL0yeF0ISeFw=
-2,24,tHjtCOclJBozLzA/Q4MW9JV5O7U=,IEmAJyG5R+KNVjqeIjx/syyozI4=
-3,23,tHjtCOclJBozLzA/Q4MW9JV5O7U=,Wmi1K8gPeO5EWehKL0yeF0ISeFw=
-2,22,tHjtCOclJBozLzA/Q4MW9JV5O7U=,Wmi1K8gPeO5EWehKL0yeF0ISeFw=
-4,24,tHjtCOclJBozLzA/Q4MW9JV5O7U=,IEmAJyG5R+KNVjqeIjx/syyozI4=
-1,20,tHjtCOclJBozLzA/Q4MW9JV5O7U=,Wmi1K8gPeO5EWehKL0yeF0ISeFw=
-1,19,tHjtCOclJBozLzA/Q4MW9JV5O7U=,Wmi1K8gPeO5EWehKL0yeF0ISeFw=
-3,22,tHjtCOclJBozLzA/Q4MW9JV5O7U=,Wmi1K8gPeO5EWehKL0yeF0ISeFw=
-4,22,tHjtCOclJBozLzA/Q4MW9JV5O7U=,Wmi1K8gPeO5EWehKL0yeF0ISeFw=
-6,20,tHjtCOclJBozLzA/Q4MW9JV5O7U=,Wmi1K8gPeO5EWehKL0yeF0ISeFw=
-3,21,tHjtCOclJBozLzA/Q4MW9JV5O7U=,Wmi1K8gPeO5EWehKL0yeF0ISeFw=
-3,24,tHjtCOclJBozLzA/Q4MW9JV5O7U=,IEmAJyG5R+KNVjqeIjx/syyozI4=
-2,21,tHjtCOclJBozLzA/Q4MW9JV5O7U=,Wmi1K8gPeO5EWehKL0yeF0ISeFw=
-1,21,tHjtCOclJBozLzA/Q4MW9JV5O7U=,Wmi1K8gPeO5EWehKL0yeF0ISeFw=
-2,19,tHjtCOclJBozLzA/Q4MW9JV5O7U=,Wmi1K8gPeO5EWehKL0yeF0ISeFw=
-4,19,tHjtCOclJBozLzA/Q4MW9JV5O7U=,Wmi1K8gPeO5EWehKL0yeF0ISeFw=
-3,19,tHjtCOclJBozLzA/Q4MW9JV5O7U=,Wmi1K8gPeO5EWehKL0yeF0ISeFw=
-4,3,ycm08p++UvxlNkbipP8PD/l2SIY=,iW0XiLXeiFAsDjOLijrej6Q9d+k=
-5,4,ycm08p++UvxlNkbipP8PD/l2SIY=,iW0XiLXeiFAsDjOLijrej6Q9d+k=
-4,5,ycm08p++UvxlNkbipP8PD/l2SIY=,iW0XiLXeiFAsDjOLijrej6Q9d+k=
-4,4,ycm08p++UvxlNkbipP8PD/l2SIY=,iW0XiLXeiFAsDjOLijrej6Q9d+k=
-4,11,ycm08p++UvxlNkbipP8PD/l2SIY=,RYvgApommTw2nDfD1q/9VSMDcLo=
-5,3,ycm08p++UvxlNkbipP8PD/l2SIY=,iW0XiLXeiFAsDjOLijrej6Q9d+k=
-4,7,ycm08p++UvxlNkbipP8PD/l2SIY=,iW0XiLXeiFAsDjOLijrej6Q9d+k=
-5,8,ycm08p++UvxlNkbipP8PD/l2SIY=,RYvgApommTw2nDfD1q/9VSMDcLo=
-4,8,ycm08p++UvxlNkbipP8PD/l2SIY=,RYvgApommTw2nDfD1q/9VSMDcLo=
-5,12,ycm08p++UvxlNkbipP8PD/l2SIY=,RYvgApommTw2nDfD1q/9VSMDcLo=
-4,12,ycm08p++UvxlNkbipP8PD/l2SIY=,RYvgApommTw2nDfD1q/9VSMDcLo=
-5,9,ycm08p++UvxlNkbipP8PD/l2SIY=,RYvgApommTw2nDfD1q/9VSMDcLo=
-13,11,ycm08p++UvxlNkbipP8PD/l2SIY=,39ycpwDy0Knwl38mJKkrKzbgujg=
-5,6,ycm08p++UvxlNkbipP8PD/l2SIY=,iW0XiLXeiFAsDjOLijrej6Q9d+k=
-4,9,ycm08p++UvxlNkbipP8PD/l2SIY=,RYvgApommTw2nDfD1q/9VSMDcLo=
-4,6,ycm08p++UvxlNkbipP8PD/l2SIY=,iW0XiLXeiFAsDjOLijrej6Q9d+k=
-8,12,ycm08p++UvxlNkbipP8PD/l2SIY=,RYvgApommTw2nDfD1q/9VSMDcLo=
-5,10,ycm08p++UvxlNkbipP8PD/l2SIY=,RYvgApommTw2nDfD1q/9VSMDcLo=
-7,12,ycm08p++UvxlNkbipP8PD/l2SIY=,RYvgApommTw2nDfD1q/9VSMDcLo=
-9,12,ycm08p++UvxlNkbipP8PD/l2SIY=,39ycpwDy0Knwl38mJKkrKzbgujg=
-6,11,ycm08p++UvxlNkbipP8PD/l2SIY=,RYvgApommTw2nDfD1q/9VSMDcLo=
-5,7,ycm08p++UvxlNkbipP8PD/l2SIY=,iW0XiLXeiFAsDjOLijrej6Q9d+k=
-10,12,ycm08p++UvxlNkbipP8PD/l2SIY=,39ycpwDy0Knwl38mJKkrKzbgujg=
-11,12,ycm08p++UvxlNkbipP8PD/l2SIY=,39ycpwDy0Knwl38mJKkrKzbgujg=
-7,11,ycm08p++UvxlNkbipP8PD/l2SIY=,RYvgApommTw2nDfD1q/9VSMDcLo=
-5,5,ycm08p++UvxlNkbipP8PD/l2SIY=,iW0XiLXeiFAsDjOLijrej6Q9d+k=
-4,10,ycm08p++UvxlNkbipP8PD/l2SIY=,RYvgApommTw2nDfD1q/9VSMDcLo=
-12,12,ycm08p++UvxlNkbipP8PD/l2SIY=,39ycpwDy0Knwl38mJKkrKzbgujg=
-6,12,ycm08p++UvxlNkbipP8PD/l2SIY=,RYvgApommTw2nDfD1q/9VSMDcLo=
-13,12,ycm08p++UvxlNkbipP8PD/l2SIY=,39ycpwDy0Knwl38mJKkrKzbgujg=
-6,7,ycm08p++UvxlNkbipP8PD/l2SIY=,iW0XiLXeiFAsDjOLijrej6Q9d+k=
-6,3,ycm08p++UvxlNkbipP8PD/l2SIY=,iW0XiLXeiFAsDjOLijrej6Q9d+k=
-11,11,ycm08p++UvxlNkbipP8PD/l2SIY=,39ycpwDy0Knwl38mJKkrKzbgujg=
-5,11,ycm08p++UvxlNkbipP8PD/l2SIY=,RYvgApommTw2nDfD1q/9VSMDcLo=
-7,3,ycm08p++UvxlNkbipP8PD/l2SIY=,iW0XiLXeiFAsDjOLijrej6Q9d+k=
-12,11,ycm08p++UvxlNkbipP8PD/l2SIY=,39ycpwDy0Knwl38mJKkrKzbgujg=
-13,5,ycm08p++UvxlNkbipP8PD/l2SIY=,KnngEU99QEKKVPxinw557Z8bQ3M=
-8,11,ycm08p++UvxlNkbipP8PD/l2SIY=,RYvgApommTw2nDfD1q/9VSMDcLo=
-10,11,ycm08p++UvxlNkbipP8PD/l2SIY=,39ycpwDy0Knwl38mJKkrKzbgujg=
-9,11,ycm08p++UvxlNkbipP8PD/l2SIY=,39ycpwDy0Knwl38mJKkrKzbgujg=
-9,7,ycm08p++UvxlNkbipP8PD/l2SIY=,KnngEU99QEKKVPxinw557Z8bQ3M=
-10,10,ycm08p++UvxlNkbipP8PD/l2SIY=,39ycpwDy0Knwl38mJKkrKzbgujg=
-8,3,ycm08p++UvxlNkbipP8PD/l2SIY=,iW0XiLXeiFAsDjOLijrej6Q9d+k=
-11,10,ycm08p++UvxlNkbipP8PD/l2SIY=,39ycpwDy0Knwl38mJKkrKzbgujg=
-9,10,ycm08p++UvxlNkbipP8PD/l2SIY=,39ycpwDy0Knwl38mJKkrKzbgujg=
-7,7,ycm08p++UvxlNkbipP8PD/l2SIY=,iW0XiLXeiFAsDjOLijrej6Q9d+k=
-12,10,ycm08p++UvxlNkbipP8PD/l2SIY=,39ycpwDy0Knwl38mJKkrKzbgujg=
-9,6,ycm08p++UvxlNkbipP8PD/l2SIY=,KnngEU99QEKKVPxinw557Z8bQ3M=
-11,7,ycm08p++UvxlNkbipP8PD/l2SIY=,KnngEU99QEKKVPxinw557Z8bQ3M=
-13,10,ycm08p++UvxlNkbipP8PD/l2SIY=,39ycpwDy0Knwl38mJKkrKzbgujg=
-12,7,ycm08p++UvxlNkbipP8PD/l2SIY=,KnngEU99QEKKVPxinw557Z8bQ3M=
-10,7,ycm08p++UvxlNkbipP8PD/l2SIY=,KnngEU99QEKKVPxinw557Z8bQ3M=
-12,5,ycm08p++UvxlNkbipP8PD/l2SIY=,KnngEU99QEKKVPxinw557Z8bQ3M=
-9,9,ycm08p++UvxlNkbipP8PD/l2SIY=,39ycpwDy0Knwl38mJKkrKzbgujg=
-10,6,ycm08p++UvxlNkbipP8PD/l2SIY=,KnngEU99QEKKVPxinw557Z8bQ3M=
-9,4,ycm08p++UvxlNkbipP8PD/l2SIY=,KnngEU99QEKKVPxinw557Z8bQ3M=
-13,4,ycm08p++UvxlNkbipP8PD/l2SIY=,KnngEU99QEKKVPxinw557Z8bQ3M=
-11,4,ycm08p++UvxlNkbipP8PD/l2SIY=,KnngEU99QEKKVPxinw557Z8bQ3M=
-12,4,ycm08p++UvxlNkbipP8PD/l2SIY=,KnngEU99QEKKVPxinw557Z8bQ3M=
-10,4,ycm08p++UvxlNkbipP8PD/l2SIY=,KnngEU99QEKKVPxinw557Z8bQ3M=
-8,7,ycm08p++UvxlNkbipP8PD/l2SIY=,iW0XiLXeiFAsDjOLijrej6Q9d+k=
-6,5,ycm08p++UvxlNkbipP8PD/l2SIY=,iW0XiLXeiFAsDjOLijrej6Q9d+k=
-12,9,ycm08p++UvxlNkbipP8PD/l2SIY=,39ycpwDy0Knwl38mJKkrKzbgujg=
-13,7,ycm08p++UvxlNkbipP8PD/l2SIY=,KnngEU99QEKKVPxinw557Z8bQ3M=
-11,9,ycm08p++UvxlNkbipP8PD/l2SIY=,39ycpwDy0Knwl38mJKkrKzbgujg=
-10,9,ycm08p++UvxlNkbipP8PD/l2SIY=,39ycpwDy0Knwl38mJKkrKzbgujg=
-7,5,ycm08p++UvxlNkbipP8PD/l2SIY=,iW0XiLXeiFAsDjOLijrej6Q9d+k=
-13,9,ycm08p++UvxlNkbipP8PD/l2SIY=,39ycpwDy0Knwl38mJKkrKzbgujg=
-11,5,ycm08p++UvxlNkbipP8PD/l2SIY=,KnngEU99QEKKVPxinw557Z8bQ3M=
-11,6,ycm08p++UvxlNkbipP8PD/l2SIY=,KnngEU99QEKKVPxinw557Z8bQ3M=
-6,10,ycm08p++UvxlNkbipP8PD/l2SIY=,RYvgApommTw2nDfD1q/9VSMDcLo=
-8,10,ycm08p++UvxlNkbipP8PD/l2SIY=,RYvgApommTw2nDfD1q/9VSMDcLo=
-7,10,ycm08p++UvxlNkbipP8PD/l2SIY=,RYvgApommTw2nDfD1q/9VSMDcLo=
-8,5,ycm08p++UvxlNkbipP8PD/l2SIY=,iW0XiLXeiFAsDjOLijrej6Q9d+k=
-8,8,ycm08p++UvxlNkbipP8PD/l2SIY=,RYvgApommTw2nDfD1q/9VSMDcLo=
-12,6,ycm08p++UvxlNkbipP8PD/l2SIY=,KnngEU99QEKKVPxinw557Z8bQ3M=
-9,3,ycm08p++UvxlNkbipP8PD/l2SIY=,KnngEU99QEKKVPxinw557Z8bQ3M=
-13,6,ycm08p++UvxlNkbipP8PD/l2SIY=,KnngEU99QEKKVPxinw557Z8bQ3M=
-10,3,ycm08p++UvxlNkbipP8PD/l2SIY=,KnngEU99QEKKVPxinw557Z8bQ3M=
-11,3,ycm08p++UvxlNkbipP8PD/l2SIY=,KnngEU99QEKKVPxinw557Z8bQ3M=
-13,3,ycm08p++UvxlNkbipP8PD/l2SIY=,KnngEU99QEKKVPxinw557Z8bQ3M=
-9,5,ycm08p++UvxlNkbipP8PD/l2SIY=,KnngEU99QEKKVPxinw557Z8bQ3M=
-8,6,ycm08p++UvxlNkbipP8PD/l2SIY=,iW0XiLXeiFAsDjOLijrej6Q9d+k=
-10,5,ycm08p++UvxlNkbipP8PD/l2SIY=,KnngEU99QEKKVPxinw557Z8bQ3M=
-7,8,ycm08p++UvxlNkbipP8PD/l2SIY=,RYvgApommTw2nDfD1q/9VSMDcLo=
-6,8,ycm08p++UvxlNkbipP8PD/l2SIY=,RYvgApommTw2nDfD1q/9VSMDcLo=
-13,8,ycm08p++UvxlNkbipP8PD/l2SIY=,39ycpwDy0Knwl38mJKkrKzbgujg=
-8,9,ycm08p++UvxlNkbipP8PD/l2SIY=,RYvgApommTw2nDfD1q/9VSMDcLo=
-12,3,ycm08p++UvxlNkbipP8PD/l2SIY=,KnngEU99QEKKVPxinw557Z8bQ3M=
-8,4,ycm08p++UvxlNkbipP8PD/l2SIY=,iW0XiLXeiFAsDjOLijrej6Q9d+k=
-7,4,ycm08p++UvxlNkbipP8PD/l2SIY=,iW0XiLXeiFAsDjOLijrej6Q9d+k=
-6,4,ycm08p++UvxlNkbipP8PD/l2SIY=,iW0XiLXeiFAsDjOLijrej6Q9d+k=
-12,8,ycm08p++UvxlNkbipP8PD/l2SIY=,39ycpwDy0Knwl38mJKkrKzbgujg=
-7,6,ycm08p++UvxlNkbipP8PD/l2SIY=,iW0XiLXeiFAsDjOLijrej6Q9d+k=
-6,6,ycm08p++UvxlNkbipP8PD/l2SIY=,iW0XiLXeiFAsDjOLijrej6Q9d+k=
-11,8,ycm08p++UvxlNkbipP8PD/l2SIY=,39ycpwDy0Knwl38mJKkrKzbgujg=
-10,8,ycm08p++UvxlNkbipP8PD/l2SIY=,39ycpwDy0Knwl38mJKkrKzbgujg=
-7,9,ycm08p++UvxlNkbipP8PD/l2SIY=,RYvgApommTw2nDfD1q/9VSMDcLo=
-6,9,ycm08p++UvxlNkbipP8PD/l2SIY=,RYvgApommTw2nDfD1q/9VSMDcLo=
-9,8,ycm08p++UvxlNkbipP8PD/l2SIY=,39ycpwDy0Knwl38mJKkrKzbgujg=
-3,3,ycm08p++UvxlNkbipP8PD/l2SIY=,iW0XiLXeiFAsDjOLijrej6Q9d+k=
-2,3,ycm08p++UvxlNkbipP8PD/l2SIY=,iW0XiLXeiFAsDjOLijrej6Q9d+k=
-1,3,ycm08p++UvxlNkbipP8PD/l2SIY=,iW0XiLXeiFAsDjOLijrej6Q9d+k=
-3,4,ycm08p++UvxlNkbipP8PD/l2SIY=,iW0XiLXeiFAsDjOLijrej6Q9d+k=
-2,4,ycm08p++UvxlNkbipP8PD/l2SIY=,iW0XiLXeiFAsDjOLijrej6Q9d+k=
-1,4,ycm08p++UvxlNkbipP8PD/l2SIY=,iW0XiLXeiFAsDjOLijrej6Q9d+k=
-14,11,ycm08p++UvxlNkbipP8PD/l2SIY=,39ycpwDy0Knwl38mJKkrKzbgujg=
-16,12,ycm08p++UvxlNkbipP8PD/l2SIY=,39ycpwDy0Knwl38mJKkrKzbgujg=
-15,12,ycm08p++UvxlNkbipP8PD/l2SIY=,39ycpwDy0Knwl38mJKkrKzbgujg=
-15,11,ycm08p++UvxlNkbipP8PD/l2SIY=,39ycpwDy0Knwl38mJKkrKzbgujg=
-14,12,ycm08p++UvxlNkbipP8PD/l2SIY=,39ycpwDy0Knwl38mJKkrKzbgujg=
-16,11,ycm08p++UvxlNkbipP8PD/l2SIY=,39ycpwDy0Knwl38mJKkrKzbgujg=
-3,11,ycm08p++UvxlNkbipP8PD/l2SIY=,RYvgApommTw2nDfD1q/9VSMDcLo=
-2,10,ycm08p++UvxlNkbipP8PD/l2SIY=,RYvgApommTw2nDfD1q/9VSMDcLo=
-1,10,ycm08p++UvxlNkbipP8PD/l2SIY=,RYvgApommTw2nDfD1q/9VSMDcLo=
-3,5,ycm08p++UvxlNkbipP8PD/l2SIY=,iW0XiLXeiFAsDjOLijrej6Q9d+k=
-3,10,ycm08p++UvxlNkbipP8PD/l2SIY=,RYvgApommTw2nDfD1q/9VSMDcLo=
-1,7,ycm08p++UvxlNkbipP8PD/l2SIY=,iW0XiLXeiFAsDjOLijrej6Q9d+k=
-2,9,ycm08p++UvxlNkbipP8PD/l2SIY=,RYvgApommTw2nDfD1q/9VSMDcLo=
-1,6,ycm08p++UvxlNkbipP8PD/l2SIY=,iW0XiLXeiFAsDjOLijrej6Q9d+k=
-3,9,ycm08p++UvxlNkbipP8PD/l2SIY=,RYvgApommTw2nDfD1q/9VSMDcLo=
-3,6,ycm08p++UvxlNkbipP8PD/l2SIY=,iW0XiLXeiFAsDjOLijrej6Q9d+k=
-2,8,ycm08p++UvxlNkbipP8PD/l2SIY=,RYvgApommTw2nDfD1q/9VSMDcLo=
-2,6,ycm08p++UvxlNkbipP8PD/l2SIY=,iW0XiLXeiFAsDjOLijrej6Q9d+k=
-2,11,ycm08p++UvxlNkbipP8PD/l2SIY=,RYvgApommTw2nDfD1q/9VSMDcLo=
-2,7,ycm08p++UvxlNkbipP8PD/l2SIY=,iW0XiLXeiFAsDjOLijrej6Q9d+k=
-1,9,ycm08p++UvxlNkbipP8PD/l2SIY=,RYvgApommTw2nDfD1q/9VSMDcLo=
-3,8,ycm08p++UvxlNkbipP8PD/l2SIY=,RYvgApommTw2nDfD1q/9VSMDcLo=
-1,8,ycm08p++UvxlNkbipP8PD/l2SIY=,RYvgApommTw2nDfD1q/9VSMDcLo=
-3,7,ycm08p++UvxlNkbipP8PD/l2SIY=,iW0XiLXeiFAsDjOLijrej6Q9d+k=
-1,12,ycm08p++UvxlNkbipP8PD/l2SIY=,RYvgApommTw2nDfD1q/9VSMDcLo=
-2,5,ycm08p++UvxlNkbipP8PD/l2SIY=,iW0XiLXeiFAsDjOLijrej6Q9d+k=
-1,5,ycm08p++UvxlNkbipP8PD/l2SIY=,iW0XiLXeiFAsDjOLijrej6Q9d+k=
-2,12,ycm08p++UvxlNkbipP8PD/l2SIY=,RYvgApommTw2nDfD1q/9VSMDcLo=
-3,12,ycm08p++UvxlNkbipP8PD/l2SIY=,RYvgApommTw2nDfD1q/9VSMDcLo=
-1,11,ycm08p++UvxlNkbipP8PD/l2SIY=,RYvgApommTw2nDfD1q/9VSMDcLo=
-14,5,ycm08p++UvxlNkbipP8PD/l2SIY=,KnngEU99QEKKVPxinw557Z8bQ3M=
-16,5,ycm08p++UvxlNkbipP8PD/l2SIY=,KnngEU99QEKKVPxinw557Z8bQ3M=
-16,10,ycm08p++UvxlNkbipP8PD/l2SIY=,39ycpwDy0Knwl38mJKkrKzbgujg=
-15,5,ycm08p++UvxlNkbipP8PD/l2SIY=,KnngEU99QEKKVPxinw557Z8bQ3M=
-16,8,ycm08p++UvxlNkbipP8PD/l2SIY=,39ycpwDy0Knwl38mJKkrKzbgujg=
-15,10,ycm08p++UvxlNkbipP8PD/l2SIY=,39ycpwDy0Knwl38mJKkrKzbgujg=
-15,8,ycm08p++UvxlNkbipP8PD/l2SIY=,39ycpwDy0Knwl38mJKkrKzbgujg=
-14,8,ycm08p++UvxlNkbipP8PD/l2SIY=,39ycpwDy0Knwl38mJKkrKzbgujg=
-16,7,ycm08p++UvxlNkbipP8PD/l2SIY=,KnngEU99QEKKVPxinw557Z8bQ3M=
-14,10,ycm08p++UvxlNkbipP8PD/l2SIY=,39ycpwDy0Knwl38mJKkrKzbgujg=
-14,4,ycm08p++UvxlNkbipP8PD/l2SIY=,KnngEU99QEKKVPxinw557Z8bQ3M=
-14,9,ycm08p++UvxlNkbipP8PD/l2SIY=,39ycpwDy0Knwl38mJKkrKzbgujg=
-16,3,ycm08p++UvxlNkbipP8PD/l2SIY=,KnngEU99QEKKVPxinw557Z8bQ3M=
-15,7,ycm08p++UvxlNkbipP8PD/l2SIY=,KnngEU99QEKKVPxinw557Z8bQ3M=
-14,7,ycm08p++UvxlNkbipP8PD/l2SIY=,KnngEU99QEKKVPxinw557Z8bQ3M=
-15,4,ycm08p++UvxlNkbipP8PD/l2SIY=,KnngEU99QEKKVPxinw557Z8bQ3M=
-16,4,ycm08p++UvxlNkbipP8PD/l2SIY=,KnngEU99QEKKVPxinw557Z8bQ3M=
-15,3,ycm08p++UvxlNkbipP8PD/l2SIY=,KnngEU99QEKKVPxinw557Z8bQ3M=
-16,9,ycm08p++UvxlNkbipP8PD/l2SIY=,39ycpwDy0Knwl38mJKkrKzbgujg=
-14,6,ycm08p++UvxlNkbipP8PD/l2SIY=,KnngEU99QEKKVPxinw557Z8bQ3M=
-15,9,ycm08p++UvxlNkbipP8PD/l2SIY=,39ycpwDy0Knwl38mJKkrKzbgujg=
-14,3,ycm08p++UvxlNkbipP8PD/l2SIY=,KnngEU99QEKKVPxinw557Z8bQ3M=
-16,6,ycm08p++UvxlNkbipP8PD/l2SIY=,KnngEU99QEKKVPxinw557Z8bQ3M=
-12,15,zExYdUGjOCBO1icYoQ6zwRRCl1A=,39ycpwDy0Knwl38mJKkrKzbgujg=
-12,14,zExYdUGjOCBO1icYoQ6zwRRCl1A=,39ycpwDy0Knwl38mJKkrKzbgujg=
-15,6,ycm08p++UvxlNkbipP8PD/l2SIY=,KnngEU99QEKKVPxinw557Z8bQ3M=
-16,15,ycm08p++UvxlNkbipP8PD/l2SIY=,39ycpwDy0Knwl38mJKkrKzbgujg=
-13,14,zExYdUGjOCBO1icYoQ6zwRRCl1A=,39ycpwDy0Knwl38mJKkrKzbgujg=
-14,14,zExYdUGjOCBO1icYoQ6zwRRCl1A=,39ycpwDy0Knwl38mJKkrKzbgujg=
-12,13,zExYdUGjOCBO1icYoQ6zwRRCl1A=,39ycpwDy0Knwl38mJKkrKzbgujg=
-16,14,zExYdUGjOCBO1icYoQ6zwRRCl1A=,39ycpwDy0Knwl38mJKkrKzbgujg=
-15,14,zExYdUGjOCBO1icYoQ6zwRRCl1A=,39ycpwDy0Knwl38mJKkrKzbgujg=
-13,15,zExYdUGjOCBO1icYoQ6zwRRCl1A=,39ycpwDy0Knwl38mJKkrKzbgujg=
-14,15,ycm08p++UvxlNkbipP8PD/l2SIY=,39ycpwDy0Knwl38mJKkrKzbgujg=
-13,13,zExYdUGjOCBO1icYoQ6zwRRCl1A=,39ycpwDy0Knwl38mJKkrKzbgujg=
-14,13,zExYdUGjOCBO1icYoQ6zwRRCl1A=,39ycpwDy0Knwl38mJKkrKzbgujg=
-6,15,zExYdUGjOCBO1icYoQ6zwRRCl1A=,RYvgApommTw2nDfD1q/9VSMDcLo=
-4,15,zExYdUGjOCBO1icYoQ6zwRRCl1A=,RYvgApommTw2nDfD1q/9VSMDcLo=
-5,15,zExYdUGjOCBO1icYoQ6zwRRCl1A=,RYvgApommTw2nDfD1q/9VSMDcLo=
-8,15,zExYdUGjOCBO1icYoQ6zwRRCl1A=,RYvgApommTw2nDfD1q/9VSMDcLo=
-16,13,zExYdUGjOCBO1icYoQ6zwRRCl1A=,39ycpwDy0Knwl38mJKkrKzbgujg=
-10,15,ycm08p++UvxlNkbipP8PD/l2SIY=,39ycpwDy0Knwl38mJKkrKzbgujg=
-7,15,zExYdUGjOCBO1icYoQ6zwRRCl1A=,RYvgApommTw2nDfD1q/9VSMDcLo=
-15,13,zExYdUGjOCBO1icYoQ6zwRRCl1A=,39ycpwDy0Knwl38mJKkrKzbgujg=
-15,15,ycm08p++UvxlNkbipP8PD/l2SIY=,39ycpwDy0Knwl38mJKkrKzbgujg=
-4,14,zExYdUGjOCBO1icYoQ6zwRRCl1A=,RYvgApommTw2nDfD1q/9VSMDcLo=
-7,14,zExYdUGjOCBO1icYoQ6zwRRCl1A=,RYvgApommTw2nDfD1q/9VSMDcLo=
-8,14,zExYdUGjOCBO1icYoQ6zwRRCl1A=,RYvgApommTw2nDfD1q/9VSMDcLo=
-6,14,zExYdUGjOCBO1icYoQ6zwRRCl1A=,RYvgApommTw2nDfD1q/9VSMDcLo=
-5,14,zExYdUGjOCBO1icYoQ6zwRRCl1A=,RYvgApommTw2nDfD1q/9VSMDcLo=
-9,15,zExYdUGjOCBO1icYoQ6zwRRCl1A=,39ycpwDy0Knwl38mJKkrKzbgujg=
-11,15,zExYdUGjOCBO1icYoQ6zwRRCl1A=,39ycpwDy0Knwl38mJKkrKzbgujg=
-9,14,zExYdUGjOCBO1icYoQ6zwRRCl1A=,39ycpwDy0Knwl38mJKkrKzbgujg=
-10,13,zExYdUGjOCBO1icYoQ6zwRRCl1A=,39ycpwDy0Knwl38mJKkrKzbgujg=
-11,13,zExYdUGjOCBO1icYoQ6zwRRCl1A=,39ycpwDy0Knwl38mJKkrKzbgujg=
-10,14,zExYdUGjOCBO1icYoQ6zwRRCl1A=,39ycpwDy0Knwl38mJKkrKzbgujg=
-9,13,zExYdUGjOCBO1icYoQ6zwRRCl1A=,39ycpwDy0Knwl38mJKkrKzbgujg=
-11,14,zExYdUGjOCBO1icYoQ6zwRRCl1A=,39ycpwDy0Knwl38mJKkrKzbgujg=
-8,13,zExYdUGjOCBO1icYoQ6zwRRCl1A=,RYvgApommTw2nDfD1q/9VSMDcLo=
-7,13,zExYdUGjOCBO1icYoQ6zwRRCl1A=,RYvgApommTw2nDfD1q/9VSMDcLo=
-4,13,zExYdUGjOCBO1icYoQ6zwRRCl1A=,RYvgApommTw2nDfD1q/9VSMDcLo=
-6,13,zExYdUGjOCBO1icYoQ6zwRRCl1A=,RYvgApommTw2nDfD1q/9VSMDcLo=
-5,13,zExYdUGjOCBO1icYoQ6zwRRCl1A=,RYvgApommTw2nDfD1q/9VSMDcLo=
-13,2,zExYdUGjOCBO1icYoQ6zwRRCl1A=,KnngEU99QEKKVPxinw557Z8bQ3M=
-14,2,zExYdUGjOCBO1icYoQ6zwRRCl1A=,KnngEU99QEKKVPxinw557Z8bQ3M=
-12,2,zExYdUGjOCBO1icYoQ6zwRRCl1A=,KnngEU99QEKKVPxinw557Z8bQ3M=
-16,0,zExYdUGjOCBO1icYoQ6zwRRCl1A=,KnngEU99QEKKVPxinw557Z8bQ3M=
-15,0,zExYdUGjOCBO1icYoQ6zwRRCl1A=,KnngEU99QEKKVPxinw557Z8bQ3M=
-13,0,zExYdUGjOCBO1icYoQ6zwRRCl1A=,KnngEU99QEKKVPxinw557Z8bQ3M=
-14,0,zExYdUGjOCBO1icYoQ6zwRRCl1A=,KnngEU99QEKKVPxinw557Z8bQ3M=
-12,0,zExYdUGjOCBO1icYoQ6zwRRCl1A=,KnngEU99QEKKVPxinw557Z8bQ3M=
-15,1,zExYdUGjOCBO1icYoQ6zwRRCl1A=,KnngEU99QEKKVPxinw557Z8bQ3M=
-13,1,zExYdUGjOCBO1icYoQ6zwRRCl1A=,KnngEU99QEKKVPxinw557Z8bQ3M=
-14,1,zExYdUGjOCBO1icYoQ6zwRRCl1A=,KnngEU99QEKKVPxinw557Z8bQ3M=
-16,1,zExYdUGjOCBO1icYoQ6zwRRCl1A=,KnngEU99QEKKVPxinw557Z8bQ3M=
-16,2,zExYdUGjOCBO1icYoQ6zwRRCl1A=,KnngEU99QEKKVPxinw557Z8bQ3M=
-15,2,zExYdUGjOCBO1icYoQ6zwRRCl1A=,KnngEU99QEKKVPxinw557Z8bQ3M=
-12,1,zExYdUGjOCBO1icYoQ6zwRRCl1A=,KnngEU99QEKKVPxinw557Z8bQ3M=
-3,13,zExYdUGjOCBO1icYoQ6zwRRCl1A=,RYvgApommTw2nDfD1q/9VSMDcLo=
-3,15,zExYdUGjOCBO1icYoQ6zwRRCl1A=,RYvgApommTw2nDfD1q/9VSMDcLo=
-2,15,zExYdUGjOCBO1icYoQ6zwRRCl1A=,RYvgApommTw2nDfD1q/9VSMDcLo=
-1,15,zExYdUGjOCBO1icYoQ6zwRRCl1A=,RYvgApommTw2nDfD1q/9VSMDcLo=
-1,14,zExYdUGjOCBO1icYoQ6zwRRCl1A=,RYvgApommTw2nDfD1q/9VSMDcLo=
-3,14,zExYdUGjOCBO1icYoQ6zwRRCl1A=,RYvgApommTw2nDfD1q/9VSMDcLo=
-1,13,zExYdUGjOCBO1icYoQ6zwRRCl1A=,RYvgApommTw2nDfD1q/9VSMDcLo=
-2,14,zExYdUGjOCBO1icYoQ6zwRRCl1A=,RYvgApommTw2nDfD1q/9VSMDcLo=
-2,13,zExYdUGjOCBO1icYoQ6zwRRCl1A=,RYvgApommTw2nDfD1q/9VSMDcLo=
-1,2,zExYdUGjOCBO1icYoQ6zwRRCl1A=,iW0XiLXeiFAsDjOLijrej6Q9d+k=
-4,2,zExYdUGjOCBO1icYoQ6zwRRCl1A=,iW0XiLXeiFAsDjOLijrej6Q9d+k=
-4,1,zExYdUGjOCBO1icYoQ6zwRRCl1A=,iW0XiLXeiFAsDjOLijrej6Q9d+k=
-3,1,zExYdUGjOCBO1icYoQ6zwRRCl1A=,iW0XiLXeiFAsDjOLijrej6Q9d+k=
-2,2,zExYdUGjOCBO1icYoQ6zwRRCl1A=,iW0XiLXeiFAsDjOLijrej6Q9d+k=
-5,1,zExYdUGjOCBO1icYoQ6zwRRCl1A=,iW0XiLXeiFAsDjOLijrej6Q9d+k=
-5,2,zExYdUGjOCBO1icYoQ6zwRRCl1A=,iW0XiLXeiFAsDjOLijrej6Q9d+k=
-6,2,zExYdUGjOCBO1icYoQ6zwRRCl1A=,iW0XiLXeiFAsDjOLijrej6Q9d+k=
-8,1,zExYdUGjOCBO1icYoQ6zwRRCl1A=,iW0XiLXeiFAsDjOLijrej6Q9d+k=
-8,2,zExYdUGjOCBO1icYoQ6zwRRCl1A=,iW0XiLXeiFAsDjOLijrej6Q9d+k=
-2,1,zExYdUGjOCBO1icYoQ6zwRRCl1A=,iW0XiLXeiFAsDjOLijrej6Q9d+k=
-6,1,zExYdUGjOCBO1icYoQ6zwRRCl1A=,iW0XiLXeiFAsDjOLijrej6Q9d+k=
-7,2,zExYdUGjOCBO1icYoQ6zwRRCl1A=,iW0XiLXeiFAsDjOLijrej6Q9d+k=
-5,0,zExYdUGjOCBO1icYoQ6zwRRCl1A=,iW0XiLXeiFAsDjOLijrej6Q9d+k=
-3,0,zExYdUGjOCBO1icYoQ6zwRRCl1A=,iW0XiLXeiFAsDjOLijrej6Q9d+k=
-1,1,zExYdUGjOCBO1icYoQ6zwRRCl1A=,iW0XiLXeiFAsDjOLijrej6Q9d+k=
-7,1,zExYdUGjOCBO1icYoQ6zwRRCl1A=,iW0XiLXeiFAsDjOLijrej6Q9d+k=
-11,2,zExYdUGjOCBO1icYoQ6zwRRCl1A=,KnngEU99QEKKVPxinw557Z8bQ3M=
-2,0,zExYdUGjOCBO1icYoQ6zwRRCl1A=,iW0XiLXeiFAsDjOLijrej6Q9d+k=
-4,0,zExYdUGjOCBO1icYoQ6zwRRCl1A=,iW0XiLXeiFAsDjOLijrej6Q9d+k=
-1,0,zExYdUGjOCBO1icYoQ6zwRRCl1A=,iW0XiLXeiFAsDjOLijrej6Q9d+k=
-9,1,zExYdUGjOCBO1icYoQ6zwRRCl1A=,KnngEU99QEKKVPxinw557Z8bQ3M=
-11,1,zExYdUGjOCBO1icYoQ6zwRRCl1A=,KnngEU99QEKKVPxinw557Z8bQ3M=
-9,2,zExYdUGjOCBO1icYoQ6zwRRCl1A=,KnngEU99QEKKVPxinw557Z8bQ3M=
-7,0,zExYdUGjOCBO1icYoQ6zwRRCl1A=,iW0XiLXeiFAsDjOLijrej6Q9d+k=
-10,2,zExYdUGjOCBO1icYoQ6zwRRCl1A=,KnngEU99QEKKVPxinw557Z8bQ3M=
-10,1,zExYdUGjOCBO1icYoQ6zwRRCl1A=,KnngEU99QEKKVPxinw557Z8bQ3M=
-10,0,zExYdUGjOCBO1icYoQ6zwRRCl1A=,KnngEU99QEKKVPxinw557Z8bQ3M=
-8,0,zExYdUGjOCBO1icYoQ6zwRRCl1A=,iW0XiLXeiFAsDjOLijrej6Q9d+k=
-9,0,zExYdUGjOCBO1icYoQ6zwRRCl1A=,KnngEU99QEKKVPxinw557Z8bQ3M=
-3,2,zExYdUGjOCBO1icYoQ6zwRRCl1A=,iW0XiLXeiFAsDjOLijrej6Q9d+k=
-11,0,zExYdUGjOCBO1icYoQ6zwRRCl1A=,KnngEU99QEKKVPxinw557Z8bQ3M=
-6,0,zExYdUGjOCBO1icYoQ6zwRRCl1A=,iW0XiLXeiFAsDjOLijrej6Q9d+k=
