4,4,WX7D1OvrhjTi+pQh1NcaNHqwwbw=,iMHAlysQ8V9R1tpWUGl9Q+1JFe0=
4,3,cVzw1t6mfDj4aZ5JaxpZ4mQhiLE=,iMHAlysQ8V9R1tpWUGl9Q+1JFe0=
3,3,cVzw1t6mfDj4aZ5JaxpZ4mQhiLE=,iMHAlysQ8V9R1tpWUGl9Q+1JFe0=
3,4,cVzw1t6mfDj4aZ5JaxpZ4mQhiLE=,iMHAlysQ8V9R1tpWUGl9Q+1JFe0=
4,12,cVzw1t6mfDj4aZ5JaxpZ4mQhiLE=,4fOJm1j2KDMwazAmy5vgCLNxLU4=
3,8,cVzw1t6mfDj4aZ5JaxpZ4mQhiLE=,4fOJm1j2KDMwazAmy5vgCLNxLU4=
3,5,cVzw1t6mfDj4aZ5JaxpZ4mQhiLE=,iMHAlysQ8V9R1tpWUGl9Q+1JFe0=
4,8,cVzw1t6mfDj4aZ5JaxpZ4mQhiLE=,4fOJm1j2KDMwazAmy5vgCLNxLU4=
3,10,cVzw1t6mfDj4aZ5JaxpZ4mQhiLE=,4fOJm1j2KDMwazAmy5vgCLNxLU4=
3,6,WX7D1OvrhjTi+pQh1NcaNHqwwbw=,iMHAlysQ8V9R1tpWUGl9Q+1JFe0=
4,10,cVzw1t6mfDj4aZ5JaxpZ4mQhiLE=,4fOJm1j2KDMwazAmy5vgCLNxLU4=
3,7,cVzw1t6mfDj4aZ5JaxpZ4mQhiLE=,iMHAlysQ8V9R1tpWUGl9Q+1JFe0=
3,9,WX7D1OvrhjTi+pQh1NcaNHqwwbw=,4fOJm1j2KDMwazAmy5vgCLNxLU4=
8,12,cVzw1t6mfDj4aZ5JaxpZ4mQhiLE=,8cggsuwnUP1lYwQSFasUZ8uWTPg=
4,5,cVzw1t6mfDj4aZ5JaxpZ4mQhiLE=,iMHAlysQ8V9R1tpWUGl9Q+1JFe0=
7,11,cVzw1t6mfDj4aZ5JaxpZ4mQhiLE=,4fOJm1j2KDMwazAmy5vgCLNxLU4=
6,11,cVzw1t6mfDj4aZ5JaxpZ4mQhiLE=,4fOJm1j2KDMwazAmy5vgCLNxLU4=
12,11,cVzw1t6mfDj4aZ5JaxpZ4mQhiLE=,8cggsuwnUP1lYwQSFasUZ8uWTPg=
10,11,cVzw1t6mfDj4aZ5JaxpZ4mQhiLE=,8cggsuwnUP1lYwQSFasUZ8uWTPg=
11,11,cVzw1t6mfDj4aZ5JaxpZ4mQhiLE=,8cggsuwnUP1lYwQSFasUZ8uWTPg=
9,11,cVzw1t6mfDj4aZ5JaxpZ4mQhiLE=,8cggsuwnUP1lYwQSFasUZ8uWTPg=
4,7,cVzw1t6mfDj4aZ5JaxpZ4mQhiLE=,iMHAlysQ8V9R1tpWUGl9Q+1JFe0=
5,11,cVzw1t6mfDj4aZ5JaxpZ4mQhiLE=,4fOJm1j2KDMwazAmy5vgCLNxLU4=
12,12,cVzw1t6mfDj4aZ5JaxpZ4mQhiLE=,8cggsuwnUP1lYwQSFasUZ8uWTPg=
11,12,cVzw1t6mfDj4aZ5JaxpZ4mQhiLE=,8cggsuwnUP1lYwQSFasUZ8uWTPg=
8,11,cVzw1t6mfDj4aZ5JaxpZ4mQhiLE=,8cggsuwnUP1lYwQSFasUZ8uWTPg=
4,6,WX7D1OvrhjTi+pQh1NcaNHqwwbw=,iMHAlysQ8V9R1tpWUGl9Q+1JFe0=
10,12,cVzw1t6mfDj4aZ5JaxpZ4mQhiLE=,8cggsuwnUP1lYwQSFasUZ8uWTPg=
7,12,cVzw1t6mfDj4aZ5JaxpZ4mQhiLE=,4fOJm1j2KDMwazAmy5vgCLNxLU4=
4,9,WX7D1OvrhjTi+pQh1NcaNHqwwbw=,4fOJm1j2KDMwazAmy5vgCLNxLU4=
9,12,cVzw1t6mfDj4aZ5JaxpZ4mQhiLE=,8cggsuwnUP1lYwQSFasUZ8uWTPg=
3,11,cVzw1t6mfDj4aZ5JaxpZ4mQhiLE=,4fOJm1j2KDMwazAmy5vgCLNxLU4=
5,12,cVzw1t6mfDj4aZ5JaxpZ4mQhiLE=,4fOJm1j2KDMwazAmy5vgCLNxLU4=
3,12,cVzw1t6mfDj4aZ5JaxpZ4mQhiLE=,4fOJm1j2KDMwazAmy5vgCLNxLU4=
4,11,cVzw1t6mfDj4aZ5JaxpZ4mQhiLE=,4fOJm1j2KDMwazAmy5vgCLNxLU4=
6,12,cVzw1t6mfDj4aZ5JaxpZ4mQhiLE=,4fOJm1j2KDMwazAmy5vgCLNxLU4=
6,6,WX7D1OvrhjTi+pQh1NcaNHqwwbw=,iMHAlysQ8V9R1tpWUGl9Q+1JFe0=
8,8,cVzw1t6mfDj4aZ5JaxpZ4mQhiLE=,8cggsuwnUP1lYwQSFasUZ8uWTPg=
7,7,WX7D1OvrhjTi+pQh1NcaNHqwwbw=,iMHAlysQ8V9R1tpWUGl9Q+1JFe0=
9,8,cVzw1t6mfDj4aZ5JaxpZ4mQhiLE=,8cggsuwnUP1lYwQSFasUZ8uWTPg=
6,4,WX7D1OvrhjTi+pQh1NcaNHqwwbw=,iMHAlysQ8V9R1tpWUGl9Q+1JFe0=
7,4,WX7D1OvrhjTi+pQh1NcaNHqwwbw=,iMHAlysQ8V9R1tpWUGl9Q+1JFe0=
7,5,cVzw1t6mfDj4aZ5JaxpZ4mQhiLE=,iMHAlysQ8V9R1tpWUGl9Q+1JFe0=
6,5,cVzw1t6mfDj4aZ5JaxpZ4mQhiLE=,iMHAlysQ8V9R1tpWUGl9Q+1JFe0=
12,7,cVzw1t6mfDj4aZ5JaxpZ4mQhiLE=,1H/4K613B2+gjhVV6GssliPTx4E=
6,7,WX7D1OvrhjTi+pQh1NcaNHqwwbw=,iMHAlysQ8V9R1tpWUGl9Q+1JFe0=
12,9,cVzw1t6mfDj4aZ5JaxpZ4mQhiLE=,8cggsuwnUP1lYwQSFasUZ8uWTPg=
11,5,cVzw1t6mfDj4aZ5JaxpZ4mQhiLE=,1H/4K613B2+gjhVV6GssliPTx4E=
10,5,cVzw1t6mfDj4aZ5JaxpZ4mQhiLE=,1H/4K613B2+gjhVV6GssliPTx4E=
9,5,cVzw1t6mfDj4aZ5JaxpZ4mQhiLE=,1H/4K613B2+gjhVV6GssliPTx4E=
8,10,cVzw1t6mfDj4aZ5JaxpZ4mQhiLE=,8cggsuwnUP1lYwQSFasUZ8uWTPg=
12,5,cVzw1t6mfDj4aZ5JaxpZ4mQhiLE=,1H/4K613B2+gjhVV6GssliPTx4E=
10,7,cVzw1t6mfDj4aZ5JaxpZ4mQhiLE=,1H/4K613B2+gjhVV6GssliPTx4E=
11,7,cVzw1t6mfDj4aZ5JaxpZ4mQhiLE=,1H/4K613B2+gjhVV6GssliPTx4E=
6,9,cVzw1t6mfDj4aZ5JaxpZ4mQhiLE=,4fOJm1j2KDMwazAmy5vgCLNxLU4=
5,6,WX7D1OvrhjTi+pQh1NcaNHqwwbw=,iMHAlysQ8V9R1tpWUGl9Q+1JFe0=
7,9,cVzw1t6mfDj4aZ5JaxpZ4mQhiLE=,4fOJm1j2KDMwazAmy5vgCLNxLU4=
8,5,cVzw1t6mfDj4aZ5JaxpZ4mQhiLE=,1H/4K613B2+gjhVV6GssliPTx4E=
5,5,cVzw1t6mfDj4aZ5JaxpZ4mQhiLE=,iMHAlysQ8V9R1tpWUGl9Q+1JFe0=
12,6,cVzw1t6mfDj4aZ5JaxpZ4mQhiLE=,1H/4K613B2+gjhVV6GssliPTx4E=
12,3,cVzw1t6mfDj4aZ5JaxpZ4mQhiLE=,1H/4K613B2+gjhVV6GssliPTx4E=
5,9,WX7D1OvrhjTi+pQh1NcaNHqwwbw=,4fOJm1j2KDMwazAmy5vgCLNxLU4=
11,9,cVzw1t6mfDj4aZ5JaxpZ4mQhiLE=,8cggsuwnUP1lYwQSFasUZ8uWTPg=
11,3,cVzw1t6mfDj4aZ5JaxpZ4mQhiLE=,1H/4K613B2+gjhVV6GssliPTx4E=
10,3,cVzw1t6mfDj4aZ5JaxpZ4mQhiLE=,1H/4K613B2+gjhVV6GssliPTx4E=
5,7,cVzw1t6mfDj4aZ5JaxpZ4mQhiLE=,iMHAlysQ8V9R1tpWUGl9Q+1JFe0=
11,6,cVzw1t6mfDj4aZ5JaxpZ4mQhiLE=,1H/4K613B2+gjhVV6GssliPTx4E=
10,6,WX7D1OvrhjTi+pQh1NcaNHqwwbw=,1H/4K613B2+gjhVV6GssliPTx4E=
8,7,WX7D1OvrhjTi+pQh1NcaNHqwwbw=,1H/4K613B2+gjhVV6GssliPTx4E=
9,3,cVzw1t6mfDj4aZ5JaxpZ4mQhiLE=,1H/4K613B2+gjhVV6GssliPTx4E=
9,10,cVzw1t6mfDj4aZ5JaxpZ4mQhiLE=,8cggsuwnUP1lYwQSFasUZ8uWTPg=
10,4,cVzw1t6mfDj4aZ5JaxpZ4mQhiLE=,1H/4K613B2+gjhVV6GssliPTx4E=
9,9,cVzw1t6mfDj4aZ5JaxpZ4mQhiLE=,8cggsuwnUP1lYwQSFasUZ8uWTPg=
12,4,cVzw1t6mfDj4aZ5JaxpZ4mQhiLE=,1H/4K613B2+gjhVV6GssliPTx4E=
11,4,cVzw1t6mfDj4aZ5JaxpZ4mQhiLE=,1H/4K613B2+gjhVV6GssliPTx4E=
9,6,WX7D1OvrhjTi+pQh1NcaNHqwwbw=,1H/4K613B2+gjhVV6GssliPTx4E=
8,3,WX7D1OvrhjTi+pQh1NcaNHqwwbw=,1H/4K613B2+gjhVV6GssliPTx4E=
9,4,cVzw1t6mfDj4aZ5JaxpZ4mQhiLE=,1H/4K613B2+gjhVV6GssliPTx4E=
7,10,WX7D1OvrhjTi+pQh1NcaNHqwwbw=,4fOJm1j2KDMwazAmy5vgCLNxLU4=
8,4,cVzw1t6mfDj4aZ5JaxpZ4mQhiLE=,1H/4K613B2+gjhVV6GssliPTx4E=
10,9,cVzw1t6mfDj4aZ5JaxpZ4mQhiLE=,8cggsuwnUP1lYwQSFasUZ8uWTPg=
7,3,WX7D1OvrhjTi+pQh1NcaNHqwwbw=,iMHAlysQ8V9R1tpWUGl9Q+1JFe0=
6,3,WX7D1OvrhjTi+pQh1NcaNHqwwbw=,iMHAlysQ8V9R1tpWUGl9Q+1JFe0=
9,7,cVzw1t6mfDj4aZ5JaxpZ4mQhiLE=,1H/4K613B2+gjhVV6GssliPTx4E=
8,9,cVzw1t6mfDj4aZ5JaxpZ4mQhiLE=,8cggsuwnUP1lYwQSFasUZ8uWTPg=
6,10,WX7D1OvrhjTi+pQh1NcaNHqwwbw=,4fOJm1j2KDMwazAmy5vgCLNxLU4=
5,8,cVzw1t6mfDj4aZ5JaxpZ4mQhiLE=,4fOJm1j2KDMwazAmy5vgCLNxLU4=
8,6,WX7D1OvrhjTi+pQh1NcaNHqwwbw=,1H/4K613B2+gjhVV6GssliPTx4E=
5,3,cVzw1t6mfDj4aZ5JaxpZ4mQhiLE=,iMHAlysQ8V9R1tpWUGl9Q+1JFe0=
5,4,WX7D1OvrhjTi+pQh1NcaNHqwwbw=,iMHAlysQ8V9R1tpWUGl9Q+1JFe0=
10,8,cVzw1t6mfDj4aZ5JaxpZ4mQhiLE=,8cggsuwnUP1lYwQSFasUZ8uWTPg=
12,8,cVzw1t6mfDj4aZ5JaxpZ4mQhiLE=,8cggsuwnUP1lYwQSFasUZ8uWTPg=
12,10,cVzw1t6mfDj4aZ5JaxpZ4mQhiLE=,8cggsuwnUP1lYwQSFasUZ8uWTPg=
5,10,cVzw1t6mfDj4aZ5JaxpZ4mQhiLE=,4fOJm1j2KDMwazAmy5vgCLNxLU4=
11,8,cVzw1t6mfDj4aZ5JaxpZ4mQhiLE=,8cggsuwnUP1lYwQSFasUZ8uWTPg=
7,8,cVzw1t6mfDj4aZ5JaxpZ4mQhiLE=,4fOJm1j2KDMwazAmy5vgCLNxLU4=
10,10,cVzw1t6mfDj4aZ5JaxpZ4mQhiLE=,8cggsuwnUP1lYwQSFasUZ8uWTPg=
11,10,cVzw1t6mfDj4aZ5JaxpZ4mQhiLE=,8cggsuwnUP1lYwQSFasUZ8uWTPg=
6,8,cVzw1t6mfDj4aZ5JaxpZ4mQhiLE=,4fOJm1j2KDMwazAmy5vgCLNxLU4=
7,6,cVzw1t6mfDj4aZ5JaxpZ4mQhiLE=,iMHAlysQ8V9R1tpWUGl9Q+1JFe0=
13,4,cVzw1t6mfDj4aZ5JaxpZ4mQhiLE=,1H/4K613B2+gjhVV6GssliPTx4E=
14,4,cVzw1t6mfDj4aZ5JaxpZ4mQhiLE=,1H/4K613B2+gjhVV6GssliPTx4E=
15,4,cVzw1t6mfDj4aZ5JaxpZ4mQhiLE=,1H/4K613B2+gjhVV6GssliPTx4E=
13,3,cVzw1t6mfDj4aZ5JaxpZ4mQhiLE=,1H/4K613B2+gjhVV6GssliPTx4E=
14,3,cVzw1t6mfDj4aZ5JaxpZ4mQhiLE=,1H/4K613B2+gjhVV6GssliPTx4E=
15,3,cVzw1t6mfDj4aZ5JaxpZ4mQhiLE=,1H/4K613B2+gjhVV6GssliPTx4E=
11,2,WX7D1OvrhjTi+pQh1NcaNHqwwbw=,1H/4K613B2+gjhVV6GssliPTx4E=
12,0,WX7D1OvrhjTi+pQh1NcaNHqwwbw=,1H/4K613B2+gjhVV6GssliPTx4E=
12,1,WX7D1OvrhjTi+pQh1NcaNHqwwbw=,1H/4K613B2+gjhVV6GssliPTx4E=
11,0,WX7D1OvrhjTi+pQh1NcaNHqwwbw=,1H/4K613B2+gjhVV6GssliPTx4E=
11,1,WX7D1OvrhjTi+pQh1NcaNHqwwbw=,1H/4K613B2+gjhVV6GssliPTx4E=
12,2,WX7D1OvrhjTi+pQh1NcaNHqwwbw=,1H/4K613B2+gjhVV6GssliPTx4E=
13,0,WX7D1OvrhjTi+pQh1NcaNHqwwbw=,1H/4K613B2+gjhVV6GssliPTx4E=
13,2,WX7D1OvrhjTi+pQh1NcaNHqwwbw=,1H/4K613B2+gjhVV6GssliPTx4E=
13,1,WX7D1OvrhjTi+pQh1NcaNHqwwbw=,1H/4K613B2+gjhVV6GssliPTx4E=
14,0,WX7D1OvrhjTi+pQh1NcaNHqwwbw=,1H/4K613B2+gjhVV6GssliPTx4E=
14,1,WX7D1OvrhjTi+pQh1NcaNHqwwbw=,1H/4K613B2+gjhVV6GssliPTx4E=
15,1,WX7D1OvrhjTi+pQh1NcaNHqwwbw=,1H/4K613B2+gjhVV6GssliPTx4E=
15,0,WX7D1OvrhjTi+pQh1NcaNHqwwbw=,1H/4K613B2+gjhVV6GssliPTx4E=
13,10,WX7D1OvrhjTi+pQh1NcaNHqwwbw=,8cggsuwnUP1lYwQSFasUZ8uWTPg=
15,2,WX7D1OvrhjTi+pQh1NcaNHqwwbw=,1H/4K613B2+gjhVV6GssliPTx4E=
14,2,WX7D1OvrhjTi+pQh1NcaNHqwwbw=,1H/4K613B2+gjhVV6GssliPTx4E=
15,5,WX7D1OvrhjTi+pQh1NcaNHqwwbw=,1H/4K613B2+gjhVV6GssliPTx4E=
15,7,WX7D1OvrhjTi+pQh1NcaNHqwwbw=,1H/4K613B2+gjhVV6GssliPTx4E=
13,11,WX7D1OvrhjTi+pQh1NcaNHqwwbw=,8cggsuwnUP1lYwQSFasUZ8uWTPg=
13,7,WX7D1OvrhjTi+pQh1NcaNHqwwbw=,1H/4K613B2+gjhVV6GssliPTx4E=
14,5,WX7D1OvrhjTi+pQh1NcaNHqwwbw=,1H/4K613B2+gjhVV6GssliPTx4E=
15,11,WX7D1OvrhjTi+pQh1NcaNHqwwbw=,8cggsuwnUP1lYwQSFasUZ8uWTPg=
14,11,WX7D1OvrhjTi+pQh1NcaNHqwwbw=,8cggsuwnUP1lYwQSFasUZ8uWTPg=
14,7,WX7D1OvrhjTi+pQh1NcaNHqwwbw=,1H/4K613B2+gjhVV6GssliPTx4E=
13,5,WX7D1OvrhjTi+pQh1NcaNHqwwbw=,1H/4K613B2+gjhVV6GssliPTx4E=
15,6,WX7D1OvrhjTi+pQh1NcaNHqwwbw=,1H/4K613B2+gjhVV6GssliPTx4E=
13,9,WX7D1OvrhjTi+pQh1NcaNHqwwbw=,8cggsuwnUP1lYwQSFasUZ8uWTPg=
14,6,WX7D1OvrhjTi+pQh1NcaNHqwwbw=,1H/4K613B2+gjhVV6GssliPTx4E=
14,9,WX7D1OvrhjTi+pQh1NcaNHqwwbw=,8cggsuwnUP1lYwQSFasUZ8uWTPg=
13,6,WX7D1OvrhjTi+pQh1NcaNHqwwbw=,1H/4K613B2+gjhVV6GssliPTx4E=
14,10,WX7D1OvrhjTi+pQh1NcaNHqwwbw=,8cggsuwnUP1lYwQSFasUZ8uWTPg=
15,10,WX7D1OvrhjTi+pQh1NcaNHqwwbw=,8cggsuwnUP1lYwQSFasUZ8uWTPg=
15,9,WX7D1OvrhjTi+pQh1NcaNHqwwbw=,8cggsuwnUP1lYwQSFasUZ8uWTPg=
13,12,WX7D1OvrhjTi+pQh1NcaNHqwwbw=,8cggsuwnUP1lYwQSFasUZ8uWTPg=
15,8,WX7D1OvrhjTi+pQh1NcaNHqwwbw=,8cggsuwnUP1lYwQSFasUZ8uWTPg=
15,12,WX7D1OvrhjTi+pQh1NcaNHqwwbw=,8cggsuwnUP1lYwQSFasUZ8uWTPg=
14,12,WX7D1OvrhjTi+pQh1NcaNHqwwbw=,8cggsuwnUP1lYwQSFasUZ8uWTPg=
13,8,WX7D1OvrhjTi+pQh1NcaNHqwwbw=,8cggsuwnUP1lYwQSFasUZ8uWTPg=
14,8,WX7D1OvrhjTi+pQh1NcaNHqwwbw=,8cggsuwnUP1lYwQSFasUZ8uWTPg=
8,2,WX7D1OvrhjTi+pQh1NcaNHqwwbw=,1H/4K613B2+gjhVV6GssliPTx4E=
3,1,cVzw1t6mfDj4aZ5JaxpZ4mQhiLE=,iMHAlysQ8V9R1tpWUGl9Q+1JFe0=
3,2,WX7D1OvrhjTi+pQh1NcaNHqwwbw=,iMHAlysQ8V9R1tpWUGl9Q+1JFe0=
10,1,WX7D1OvrhjTi+pQh1NcaNHqwwbw=,1H/4K613B2+gjhVV6GssliPTx4E=
8,1,WX7D1OvrhjTi+pQh1NcaNHqwwbw=,1H/4K613B2+gjhVV6GssliPTx4E=
7,0,WX7D1OvrhjTi+pQh1NcaNHqwwbw=,iMHAlysQ8V9R1tpWUGl9Q+1JFe0=
7,1,WX7D1OvrhjTi+pQh1NcaNHqwwbw=,iMHAlysQ8V9R1tpWUGl9Q+1JFe0=
9,2,WX7D1OvrhjTi+pQh1NcaNHqwwbw=,1H/4K613B2+gjhVV6GssliPTx4E=
3,0,cVzw1t6mfDj4aZ5JaxpZ4mQhiLE=,iMHAlysQ8V9R1tpWUGl9Q+1JFe0=
6,0,WX7D1OvrhjTi+pQh1NcaNHqwwbw=,iMHAlysQ8V9R1tpWUGl9Q+1JFe0=
6,1,WX7D1OvrhjTi+pQh1NcaNHqwwbw=,iMHAlysQ8V9R1tpWUGl9Q+1JFe0=
7,2,WX7D1OvrhjTi+pQh1NcaNHqwwbw=,iMHAlysQ8V9R1tpWUGl9Q+1JFe0=
4,2,WX7D1OvrhjTi+pQh1NcaNHqwwbw=,iMHAlysQ8V9R1tpWUGl9Q+1JFe0=
10,0,WX7D1OvrhjTi+pQh1NcaNHqwwbw=,1H/4K613B2+gjhVV6GssliPTx4E=
6,2,WX7D1OvrhjTi+pQh1NcaNHqwwbw=,iMHAlysQ8V9R1tpWUGl9Q+1JFe0=
5,0,WX7D1OvrhjTi+pQh1NcaNHqwwbw=,iMHAlysQ8V9R1tpWUGl9Q+1JFe0=
10,2,WX7D1OvrhjTi+pQh1NcaNHqwwbw=,1H/4K613B2+gjhVV6GssliPTx4E=
5,2,WX7D1OvrhjTi+pQh1NcaNHqwwbw=,iMHAlysQ8V9R1tpWUGl9Q+1JFe0=
4,1,cVzw1t6mfDj4aZ5JaxpZ4mQhiLE=,iMHAlysQ8V9R1tpWUGl9Q+1JFe0=
4,0,WX7D1OvrhjTi+pQh1NcaNHqwwbw=,iMHAlysQ8V9R1tpWUGl9Q+1JFe0=
8,0,WX7D1OvrhjTi+pQh1NcaNHqwwbw=,1H/4K613B2+gjhVV6GssliPTx4E=
5,1,WX7D1OvrhjTi+pQh1NcaNHqwwbw=,iMHAlysQ8V9R1tpWUGl9Q+1JFe0=
9,0,WX7D1OvrhjTi+pQh1NcaNHqwwbw=,1H/4K613B2+gjhVV6GssliPTx4E=
9,1,WX7D1OvrhjTi+pQh1NcaNHqwwbw=,1H/4K613B2+gjhVV6GssliPTx4E=
11,15,WX7D1OvrhjTi+pQh1NcaNHqwwbw=,8cggsuwnUP1lYwQSFasUZ8uWTPg=
11,14,WX7D1OvrhjTi+pQh1NcaNHqwwbw=,8cggsuwnUP1lYwQSFasUZ8uWTPg=
12,15,WX7D1OvrhjTi+pQh1NcaNHqwwbw=,8cggsuwnUP1lYwQSFasUZ8uWTPg=
11,13,WX7D1OvrhjTi+pQh1NcaNHqwwbw=,8cggsuwnUP1lYwQSFasUZ8uWTPg=
12,14,WX7D1OvrhjTi+pQh1NcaNHqwwbw=,8cggsuwnUP1lYwQSFasUZ8uWTPg=
12,13,WX7D1OvrhjTi+pQh1NcaNHqwwbw=,8cggsuwnUP1lYwQSFasUZ8uWTPg=
4,14,WX7D1OvrhjTi+pQh1NcaNHqwwbw=,4fOJm1j2KDMwazAmy5vgCLNxLU4=
5,14,WX7D1OvrhjTi+pQh1NcaNHqwwbw=,4fOJm1j2KDMwazAmy5vgCLNxLU4=
6,14,WX7D1OvrhjTi+pQh1NcaNHqwwbw=,4fOJm1j2KDMwazAmy5vgCLNxLU4=
10,15,WX7D1OvrhjTi+pQh1NcaNHqwwbw=,8cggsuwnUP1lYwQSFasUZ8uWTPg=
3,14,WX7D1OvrhjTi+pQh1NcaNHqwwbw=,4fOJm1j2KDMwazAmy5vgCLNxLU4=
9,15,WX7D1OvrhjTi+pQh1NcaNHqwwbw=,8cggsuwnUP1lYwQSFasUZ8uWTPg=
6,13,WX7D1OvrhjTi+pQh1NcaNHqwwbw=,4fOJm1j2KDMwazAmy5vgCLNxLU4=
9,13,WX7D1OvrhjTi+pQh1NcaNHqwwbw=,8cggsuwnUP1lYwQSFasUZ8uWTPg=
7,13,WX7D1OvrhjTi+pQh1NcaNHqwwbw=,4fOJm1j2KDMwazAmy5vgCLNxLU4=
5,13,WX7D1OvrhjTi+pQh1NcaNHqwwbw=,4fOJm1j2KDMwazAmy5vgCLNxLU4=
7,14,WX7D1OvrhjTi+pQh1NcaNHqwwbw=,4fOJm1j2KDMwazAmy5vgCLNxLU4=
8,15,WX7D1OvrhjTi+pQh1NcaNHqwwbw=,8cggsuwnUP1lYwQSFasUZ8uWTPg=
4,15,WX7D1OvrhjTi+pQh1NcaNHqwwbw=,4fOJm1j2KDMwazAmy5vgCLNxLU4=
3,15,WX7D1OvrhjTi+pQh1NcaNHqwwbw=,4fOJm1j2KDMwazAmy5vgCLNxLU4=
8,13,WX7D1OvrhjTi+pQh1NcaNHqwwbw=,8cggsuwnUP1lYwQSFasUZ8uWTPg=
9,14,WX7D1OvrhjTi+pQh1NcaNHqwwbw=,8cggsuwnUP1lYwQSFasUZ8uWTPg=
3,13,WX7D1OvrhjTi+pQh1NcaNHqwwbw=,4fOJm1j2KDMwazAmy5vgCLNxLU4=
4,13,WX7D1OvrhjTi+pQh1NcaNHqwwbw=,4fOJm1j2KDMwazAmy5vgCLNxLU4=
10,14,WX7D1OvrhjTi+pQh1NcaNHqwwbw=,8cggsuwnUP1lYwQSFasUZ8uWTPg=
5,15,WX7D1OvrhjTi+pQh1NcaNHqwwbw=,4fOJm1j2KDMwazAmy5vgCLNxLU4=
8,14,WX7D1OvrhjTi+pQh1NcaNHqwwbw=,8cggsuwnUP1lYwQSFasUZ8uWTPg=
6,15,WX7D1OvrhjTi+pQh1NcaNHqwwbw=,4fOJm1j2KDMwazAmy5vgCLNxLU4=
7,15,WX7D1OvrhjTi+pQh1NcaNHqwwbw=,4fOJm1j2KDMwazAmy5vgCLNxLU4=
10,13,WX7D1OvrhjTi+pQh1NcaNHqwwbw=,8cggsuwnUP1lYwQSFasUZ8uWTPg=
13,14,WX7D1OvrhjTi+pQh1NcaNHqwwbw=,8cggsuwnUP1lYwQSFasUZ8uWTPg=
13,13,WX7D1OvrhjTi+pQh1NcaNHqwwbw=,8cggsuwnUP1lYwQSFasUZ8uWTPg=
15,13,WX7D1OvrhjTi+pQh1NcaNHqwwbw=,8cggsuwnUP1lYwQSFasUZ8uWTPg=
13,15,WX7D1OvrhjTi+pQh1NcaNHqwwbw=,8cggsuwnUP1lYwQSFasUZ8uWTPg=
15,15,WX7D1OvrhjTi+pQh1NcaNHqwwbw=,8cggsuwnUP1lYwQSFasUZ8uWTPg=
15,14,WX7D1OvrhjTi+pQh1NcaNHqwwbw=,8cggsuwnUP1lYwQSFasUZ8uWTPg=
14,14,WX7D1OvrhjTi+pQh1NcaNHqwwbw=,8cggsuwnUP1lYwQSFasUZ8uWTPg=
14,15,WX7D1OvrhjTi+pQh1NcaNHqwwbw=,8cggsuwnUP1lYwQSFasUZ8uWTPg=
0,13,WX7D1OvrhjTi+pQh1NcaNHqwwbw=,4fOJm1j2KDMwazAmy5vgCLNxLU4=
2,14,WX7D1OvrhjTi+pQh1NcaNHqwwbw=,4fOJm1j2KDMwazAmy5vgCLNxLU4=
1,13,WX7D1OvrhjTi+pQh1NcaNHqwwbw=,4fOJm1j2KDMwazAmy5vgCLNxLU4=
14,13,WX7D1OvrhjTi+pQh1NcaNHqwwbw=,8cggsuwnUP1lYwQSFasUZ8uWTPg=
0,14,WX7D1OvrhjTi+pQh1NcaNHqwwbw=,4fOJm1j2KDMwazAmy5vgCLNxLU4=
1,15,WX7D1OvrhjTi+pQh1NcaNHqwwbw=,4fOJm1j2KDMwazAmy5vgCLNxLU4=
0,11,WX7D1OvrhjTi+pQh1NcaNHqwwbw=,4fOJm1j2KDMwazAmy5vgCLNxLU4=
2,12,WX7D1OvrhjTi+pQh1NcaNHqwwbw=,4fOJm1j2KDMwazAmy5vgCLNxLU4=
0,12,WX7D1OvrhjTi+pQh1NcaNHqwwbw=,4fOJm1j2KDMwazAmy5vgCLNxLU4=
1,11,WX7D1OvrhjTi+pQh1NcaNHqwwbw=,4fOJm1j2KDMwazAmy5vgCLNxLU4=
0,15,WX7D1OvrhjTi+pQh1NcaNHqwwbw=,4fOJm1j2KDMwazAmy5vgCLNxLU4=
2,15,WX7D1OvrhjTi+pQh1NcaNHqwwbw=,4fOJm1j2KDMwazAmy5vgCLNxLU4=
2,11,WX7D1OvrhjTi+pQh1NcaNHqwwbw=,4fOJm1j2KDMwazAmy5vgCLNxLU4=
1,12,WX7D1OvrhjTi+pQh1NcaNHqwwbw=,4fOJm1j2KDMwazAmy5vgCLNxLU4=
2,13,WX7D1OvrhjTi+pQh1NcaNHqwwbw=,4fOJm1j2KDMwazAmy5vgCLNxLU4=
1,14,WX7D1OvrhjTi+pQh1NcaNHqwwbw=,4fOJm1j2KDMwazAmy5vgCLNxLU4=
2,3,WX7D1OvrhjTi+pQh1NcaNHqwwbw=,iMHAlysQ8V9R1tpWUGl9Q+1JFe0=
2,2,WX7D1OvrhjTi+pQh1NcaNHqwwbw=,iMHAlysQ8V9R1tpWUGl9Q+1JFe0=
0,2,WX7D1OvrhjTi+pQh1NcaNHqwwbw=,iMHAlysQ8V9R1tpWUGl9Q+1JFe0=
0,0,WX7D1OvrhjTi+pQh1NcaNHqwwbw=,iMHAlysQ8V9R1tpWUGl9Q+1JFe0=
2,4,WX7D1OvrhjTi+pQh1NcaNHqwwbw=,iMHAlysQ8V9R1tpWUGl9Q+1JFe0=
0,9,WX7D1OvrhjTi+pQh1NcaNHqwwbw=,4fOJm1j2KDMwazAmy5vgCLNxLU4=
2,1,WX7D1OvrhjTi+pQh1NcaNHqwwbw=,iMHAlysQ8V9R1tpWUGl9Q+1JFe0=
1,3,WX7D1OvrhjTi+pQh1NcaNHqwwbw=,iMHAlysQ8V9R1tpWUGl9Q+1JFe0=
1,4,WX7D1OvrhjTi+pQh1NcaNHqwwbw=,iMHAlysQ8V9R1tpWUGl9Q+1JFe0=
2,5,WX7D1OvrhjTi+pQh1NcaNHqwwbw=,iMHAlysQ8V9R1tpWUGl9Q+1JFe0=
0,4,WX7D1OvrhjTi+pQh1NcaNHqwwbw=,iMHAlysQ8V9R1tpWUGl9Q+1JFe0=
0,3,WX7D1OvrhjTi+pQh1NcaNHqwwbw=,iMHAlysQ8V9R1tpWUGl9Q+1JFe0=
0,6,WX7D1OvrhjTi+pQh1NcaNHqwwbw=,iMHAlysQ8V9R1tpWUGl9Q+1JFe0=
2,10,WX7D1OvrhjTi+pQh1NcaNHqwwbw=,4fOJm1j2KDMwazAmy5vgCLNxLU4=
2,0,WX7D1OvrhjTi+pQh1NcaNHqwwbw=,iMHAlysQ8V9R1tpWUGl9Q+1JFe0=
1,0,WX7D1OvrhjTi+pQh1NcaNHqwwbw=,iMHAlysQ8V9R1tpWUGl9Q+1JFe0=
1,1,WX7D1OvrhjTi+pQh1NcaNHqwwbw=,iMHAlysQ8V9R1tpWUGl9Q+1JFe0=
1,2,WX7D1OvrhjTi+pQh1NcaNHqwwbw=,iMHAlysQ8V9R1tpWUGl9Q+1JFe0=
2,9,WX7D1OvrhjTi+pQh1NcaNHqwwbw=,4fOJm1j2KDMwazAmy5vgCLNxLU4=
0,10,WX7D1OvrhjTi+pQh1NcaNHqwwbw=,4fOJm1j2KDMwazAmy5vgCLNxLU4=
1,9,WX7D1OvrhjTi+pQh1NcaNHqwwbw=,4fOJm1j2KDMwazAmy5vgCLNxLU4=
1,5,WX7D1OvrhjTi+pQh1NcaNHqwwbw=,iMHAlysQ8V9R1tpWUGl9Q+1JFe0=
0,7,WX7D1OvrhjTi+pQh1NcaNHqwwbw=,iMHAlysQ8V9R1tpWUGl9Q+1JFe0=
0,8,WX7D1OvrhjTi+pQh1NcaNHqwwbw=,4fOJm1j2KDMwazAmy5vgCLNxLU4=
0,1,WX7D1OvrhjTi+pQh1NcaNHqwwbw=,iMHAlysQ8V9R1tpWUGl9Q+1JFe0=
0,5,WX7D1OvrhjTi+pQh1NcaNHqwwbw=,iMHAlysQ8V9R1tpWUGl9Q+1JFe0=
1,6,WX7D1OvrhjTi+pQh1NcaNHqwwbw=,iMHAlysQ8V9R1tpWUGl9Q+1JFe0=
2,8,WX7D1OvrhjTi+pQh1NcaNHqwwbw=,4fOJm1j2KDMwazAmy5vgCLNxLU4=
1,7,WX7D1OvrhjTi+pQh1NcaNHqwwbw=,iMHAlysQ8V9R1tpWUGl9Q+1JFe0=
2,7,WX7D1OvrhjTi+pQh1NcaNHqwwbw=,iMHAlysQ8V9R1tpWUGl9Q+1JFe0=
1,8,WX7D1OvrhjTi+pQh1NcaNHqwwbw=,4fOJm1j2KDMwazAmy5vgCLNxLU4=
1,10,WX7D1OvrhjTi+pQh1NcaNHqwwbw=,4fOJm1j2KDMwazAmy5vgCLNxLU4=
2,6,WX7D1OvrhjTi+pQh1NcaNHqwwbw=,iMHAlysQ8V9R1tpWUGl9Q+1JFe0=
12,27,cXGN5X3lLuLXL/DgfUinSeVPwtk=,sloc5MNbaDkmQr/VmLmJNITrglY=
11,28,cXGN5X3lLuLXL/DgfUinSeVPwtk=,sloc5MNbaDkmQr/VmLmJNITrglY=
12,28,cXGN5X3lLuLXL/DgfUinSeVPwtk=,sloc5MNbaDkmQr/VmLmJNITrglY=
11,27,cXGN5X3lLuLXL/DgfUinSeVPwtk=,sloc5MNbaDkmQr/VmLmJNITrglY=
12,21,cXGN5X3lLuLXL/DgfUinSeVPwtk=,9B98Y6WKMpj5PFlX9Gk2U1lhAno=
12,19,cXGN5X3lLuLXL/DgfUinSeVPwtk=,9B98Y6WKMpj5PFlX9Gk2U1lhAno=
11,24,cXGN5X3lLuLXL/DgfUinSeVPwtk=,sloc5MNbaDkmQr/VmLmJNITrglY=
12,24,cXGN5X3lLuLXL/DgfUinSeVPwtk=,sloc5MNbaDkmQr/VmLmJNITrglY=
11,20,cXGN5X3lLuLXL/DgfUinSeVPwtk=,9B98Y6WKMpj5PFlX9Gk2U1lhAno=
12,20,cXGN5X3lLuLXL/DgfUinSeVPwtk=,9B98Y6WKMpj5PFlX9Gk2U1lhAno=
12,23,cXGN5X3lLuLXL/DgfUinSeVPwtk=,9B98Y6WKMpj5PFlX9Gk2U1lhAno=
11,22,cXGN5X3lLuLXL/DgfUinSeVPwtk=,9B98Y6WKMpj5PFlX9Gk2U1lhAno=
12,22,cXGN5X3lLuLXL/DgfUinSeVPwtk=,9B98Y6WKMpj5PFlX9Gk2U1lhAno=
11,25,cXGN5X3lLuLXL/DgfUinSeVPwtk=,sloc5MNbaDkmQr/VmLmJNITrglY=
11,23,cXGN5X3lLuLXL/DgfUinSeVPwtk=,9B98Y6WKMpj5PFlX9Gk2U1lhAno=
3,19,cXGN5X3lLuLXL/DgfUinSeVPwtk=,QmROFbysJ249hoTsqAI7rW1Dy3I=
4,19,cXGN5X3lLuLXL/DgfUinSeVPwtk=,QmROFbysJ249hoTsqAI7rW1Dy3I=
12,25,cXGN5X3lLuLXL/DgfUinSeVPwtk=,sloc5MNbaDkmQr/VmLmJNITrglY=
11,21,cXGN5X3lLuLXL/DgfUinSeVPwtk=,9B98Y6WKMpj5PFlX9Gk2U1lhAno=
5,19,cXGN5X3lLuLXL/DgfUinSeVPwtk=,QmROFbysJ249hoTsqAI7rW1Dy3I=
11,26,cXGN5X3lLuLXL/DgfUinSeVPwtk=,sloc5MNbaDkmQr/VmLmJNITrglY=
6,19,cXGN5X3lLuLXL/DgfUinSeVPwtk=,QmROFbysJ249hoTsqAI7rW1Dy3I=
12,26,cXGN5X3lLuLXL/DgfUinSeVPwtk=,sloc5MNbaDkmQr/VmLmJNITrglY=
9,20,cXGN5X3lLuLXL/DgfUinSeVPwtk=,9B98Y6WKMpj5PFlX9Gk2U1lhAno=
10,20,cXGN5X3lLuLXL/DgfUinSeVPwtk=,9B98Y6WKMpj5PFlX9Gk2U1lhAno=
11,19,cXGN5X3lLuLXL/DgfUinSeVPwtk=,9B98Y6WKMpj5PFlX9Gk2U1lhAno=
7,19,cXGN5X3lLuLXL/DgfUinSeVPwtk=,QmROFbysJ249hoTsqAI7rW1Dy3I=
6,20,cXGN5X3lLuLXL/DgfUinSeVPwtk=,QmROFbysJ249hoTsqAI7rW1Dy3I=
9,19,cXGN5X3lLuLXL/DgfUinSeVPwtk=,9B98Y6WKMpj5PFlX9Gk2U1lhAno=
8,20,cXGN5X3lLuLXL/DgfUinSeVPwtk=,9B98Y6WKMpj5PFlX9Gk2U1lhAno=
10,19,cXGN5X3lLuLXL/DgfUinSeVPwtk=,9B98Y6WKMpj5PFlX9Gk2U1lhAno=
7,20,cXGN5X3lLuLXL/DgfUinSeVPwtk=,QmROFbysJ249hoTsqAI7rW1Dy3I=
8,19,cXGN5X3lLuLXL/DgfUinSeVPwtk=,9B98Y6WKMpj5PFlX9Gk2U1lhAno=
3,20,cXGN5X3lLuLXL/DgfUinSeVPwtk=,QmROFbysJ249hoTsqAI7rW1Dy3I=
4,20,cXGN5X3lLuLXL/DgfUinSeVPwtk=,QmROFbysJ249hoTsqAI7rW1Dy3I=
5,20,cXGN5X3lLuLXL/DgfUinSeVPwtk=,QmROFbysJ249hoTsqAI7rW1Dy3I=
13,19,DsKiBFV7hSB/siwYGA/USGfqFG8=,9B98Y6WKMpj5PFlX9Gk2U1lhAno=
15,20,DsKiBFV7hSB/siwYGA/USGfqFG8=,9B98Y6WKMpj5PFlX9Gk2U1lhAno=
13,20,DsKiBFV7hSB/siwYGA/USGfqFG8=,9B98Y6WKMpj5PFlX9Gk2U1lhAno=
14,20,DsKiBFV7hSB/siwYGA/USGfqFG8=,9B98Y6WKMpj5PFlX9Gk2U1lhAno=
14,19,DsKiBFV7hSB/siwYGA/USGfqFG8=,9B98Y6WKMpj5PFlX9Gk2U1lhAno=
10,27,cXGN5X3lLuLXL/DgfUinSeVPwtk=,sloc5MNbaDkmQr/VmLmJNITrglY=
15,19,DsKiBFV7hSB/siwYGA/USGfqFG8=,9B98Y6WKMpj5PFlX9Gk2U1lhAno=
9,26,cXGN5X3lLuLXL/DgfUinSeVPwtk=,sloc5MNbaDkmQr/VmLmJNITrglY=
10,26,cXGN5X3lLuLXL/DgfUinSeVPwtk=,sloc5MNbaDkmQr/VmLmJNITrglY=
7,25,cXGN5X3lLuLXL/DgfUinSeVPwtk=,nWRTYzkxxNtI2AjF+G//HCI27X4=
8,26,cXGN5X3lLuLXL/DgfUinSeVPwtk=,sloc5MNbaDkmQr/VmLmJNITrglY=
5,25,cXGN5X3lLuLXL/DgfUinSeVPwtk=,nWRTYzkxxNtI2AjF+G//HCI27X4=
10,23,cXGN5X3lLuLXL/DgfUinSeVPwtk=,9B98Y6WKMpj5PFlX9Gk2U1lhAno=
5,27,cXGN5X3lLuLXL/DgfUinSeVPwtk=,nWRTYzkxxNtI2AjF+G//HCI27X4=
8,23,cXGN5X3lLuLXL/DgfUinSeVPwtk=,9B98Y6WKMpj5PFlX9Gk2U1lhAno=
9,21,cXGN5X3lLuLXL/DgfUinSeVPwtk=,9B98Y6WKMpj5PFlX9Gk2U1lhAno=
5,22,cXGN5X3lLuLXL/DgfUinSeVPwtk=,QmROFbysJ249hoTsqAI7rW1Dy3I=
9,23,cXGN5X3lLuLXL/DgfUinSeVPwtk=,9B98Y6WKMpj5PFlX9Gk2U1lhAno=
6,26,cXGN5X3lLuLXL/DgfUinSeVPwtk=,nWRTYzkxxNtI2AjF+G//HCI27X4=
6,25,cXGN5X3lLuLXL/DgfUinSeVPwtk=,nWRTYzkxxNtI2AjF+G//HCI27X4=
6,27,cXGN5X3lLuLXL/DgfUinSeVPwtk=,nWRTYzkxxNtI2AjF+G//HCI27X4=
10,21,cXGN5X3lLuLXL/DgfUinSeVPwtk=,9B98Y6WKMpj5PFlX9Gk2U1lhAno=
10,25,cXGN5X3lLuLXL/DgfUinSeVPwtk=,sloc5MNbaDkmQr/VmLmJNITrglY=
5,26,cXGN5X3lLuLXL/DgfUinSeVPwtk=,nWRTYzkxxNtI2AjF+G//HCI27X4=
7,27,cXGN5X3lLuLXL/DgfUinSeVPwtk=,nWRTYzkxxNtI2AjF+G//HCI27X4=
8,25,cXGN5X3lLuLXL/DgfUinSeVPwtk=,sloc5MNbaDkmQr/VmLmJNITrglY=
9,25,cXGN5X3lLuLXL/DgfUinSeVPwtk=,sloc5MNbaDkmQr/VmLmJNITrglY=
3,28,cXGN5X3lLuLXL/DgfUinSeVPwtk=,nWRTYzkxxNtI2AjF+G//HCI27X4=
9,27,cXGN5X3lLuLXL/DgfUinSeVPwtk=,sloc5MNbaDkmQr/VmLmJNITrglY=
6,22,cXGN5X3lLuLXL/DgfUinSeVPwtk=,QmROFbysJ249hoTsqAI7rW1Dy3I=
7,22,cXGN5X3lLuLXL/DgfUinSeVPwtk=,QmROFbysJ249hoTsqAI7rW1Dy3I=
4,22,cXGN5X3lLuLXL/DgfUinSeVPwtk=,QmROFbysJ249hoTsqAI7rW1Dy3I=
7,24,cXGN5X3lLuLXL/DgfUinSeVPwtk=,nWRTYzkxxNtI2AjF+G//HCI27X4=
10,22,cXGN5X3lLuLXL/DgfUinSeVPwtk=,9B98Y6WKMpj5PFlX9Gk2U1lhAno=
8,27,cXGN5X3lLuLXL/DgfUinSeVPwtk=,sloc5MNbaDkmQr/VmLmJNITrglY=
5,24,cXGN5X3lLuLXL/DgfUinSeVPwtk=,nWRTYzkxxNtI2AjF+G//HCI27X4=
8,21,cXGN5X3lLuLXL/DgfUinSeVPwtk=,9B98Y6WKMpj5PFlX9Gk2U1lhAno=
3,26,cXGN5X3lLuLXL/DgfUinSeVPwtk=,nWRTYzkxxNtI2AjF+G//HCI27X4=
3,25,cXGN5X3lLuLXL/DgfUinSeVPwtk=,nWRTYzkxxNtI2AjF+G//HCI27X4=
4,26,cXGN5X3lLuLXL/DgfUinSeVPwtk=,nWRTYzkxxNtI2AjF+G//HCI27X4=
4,27,cXGN5X3lLuLXL/DgfUinSeVPwtk=,nWRTYzkxxNtI2AjF+G//HCI27X4=
6,24,cXGN5X3lLuLXL/DgfUinSeVPwtk=,nWRTYzkxxNtI2AjF+G//HCI27X4=
7,21,cXGN5X3lLuLXL/DgfUinSeVPwtk=,QmROFbysJ249hoTsqAI7rW1Dy3I=
6,21,cXGN5X3lLuLXL/DgfUinSeVPwtk=,QmROFbysJ249hoTsqAI7rW1Dy3I=
3,22,cXGN5X3lLuLXL/DgfUinSeVPwtk=,QmROFbysJ249hoTsqAI7rW1Dy3I=
10,24,cXGN5X3lLuLXL/DgfUinSeVPwtk=,sloc5MNbaDkmQr/VmLmJNITrglY=
4,28,cXGN5X3lLuLXL/DgfUinSeVPwtk=,nWRTYzkxxNtI2AjF+G//HCI27X4=
10,28,cXGN5X3lLuLXL/DgfUinSeVPwtk=,sloc5MNbaDkmQr/VmLmJNITrglY=
8,24,cXGN5X3lLuLXL/DgfUinSeVPwtk=,sloc5MNbaDkmQr/VmLmJNITrglY=
7,23,cXGN5X3lLuLXL/DgfUinSeVPwtk=,QmROFbysJ249hoTsqAI7rW1Dy3I=
4,24,cXGN5X3lLuLXL/DgfUinSeVPwtk=,nWRTYzkxxNtI2AjF+G//HCI27X4=
9,22,cXGN5X3lLuLXL/DgfUinSeVPwtk=,9B98Y6WKMpj5PFlX9Gk2U1lhAno=
3,27,cXGN5X3lLuLXL/DgfUinSeVPwtk=,nWRTYzkxxNtI2AjF+G//HCI27X4=
3,24,cXGN5X3lLuLXL/DgfUinSeVPwtk=,nWRTYzkxxNtI2AjF+G//HCI27X4=
9,24,cXGN5X3lLuLXL/DgfUinSeVPwtk=,sloc5MNbaDkmQr/VmLmJNITrglY=
6,23,cXGN5X3lLuLXL/DgfUinSeVPwtk=,QmROFbysJ249hoTsqAI7rW1Dy3I=
8,22,cXGN5X3lLuLXL/DgfUinSeVPwtk=,9B98Y6WKMpj5PFlX9Gk2U1lhAno=
5,21,cXGN5X3lLuLXL/DgfUinSeVPwtk=,QmROFbysJ249hoTsqAI7rW1Dy3I=
7,26,cXGN5X3lLuLXL/DgfUinSeVPwtk=,nWRTYzkxxNtI2AjF+G//HCI27X4=
5,28,cXGN5X3lLuLXL/DgfUinSeVPwtk=,nWRTYzkxxNtI2AjF+G//HCI27X4=
9,28,cXGN5X3lLuLXL/DgfUinSeVPwtk=,sloc5MNbaDkmQr/VmLmJNITrglY=
6,28,cXGN5X3lLuLXL/DgfUinSeVPwtk=,nWRTYzkxxNtI2AjF+G//HCI27X4=
5,23,cXGN5X3lLuLXL/DgfUinSeVPwtk=,QmROFbysJ249hoTsqAI7rW1Dy3I=
4,21,cXGN5X3lLuLXL/DgfUinSeVPwtk=,QmROFbysJ249hoTsqAI7rW1Dy3I=
8,28,cXGN5X3lLuLXL/DgfUinSeVPwtk=,sloc5MNbaDkmQr/VmLmJNITrglY=
7,28,cXGN5X3lLuLXL/DgfUinSeVPwtk=,nWRTYzkxxNtI2AjF+G//HCI27X4=
3,21,cXGN5X3lLuLXL/DgfUinSeVPwtk=,QmROFbysJ249hoTsqAI7rW1Dy3I=
4,25,cXGN5X3lLuLXL/DgfUinSeVPwtk=,nWRTYzkxxNtI2AjF+G//HCI27X4=
4,23,cXGN5X3lLuLXL/DgfUinSeVPwtk=,QmROFbysJ249hoTsqAI7rW1Dy3I=
3,23,cXGN5X3lLuLXL/DgfUinSeVPwtk=,QmROFbysJ249hoTsqAI7rW1Dy3I=
11,16,cXGN5X3lLuLXL/DgfUinSeVPwtk=,9B98Y6WKMpj5PFlX9Gk2U1lhAno=
11,17,cXGN5X3lLuLXL/DgfUinSeVPwtk=,9B98Y6WKMpj5PFlX9Gk2U1lhAno=
12,18,cXGN5X3lLuLXL/DgfUinSeVPwtk=,9B98Y6WKMpj5PFlX9Gk2U1lhAno=
12,17,cXGN5X3lLuLXL/DgfUinSeVPwtk=,9B98Y6WKMpj5PFlX9Gk2U1lhAno=
11,18,cXGN5X3lLuLXL/DgfUinSeVPwtk=,9B98Y6WKMpj5PFlX9Gk2U1lhAno=
12,16,cXGN5X3lLuLXL/DgfUinSeVPwtk=,9B98Y6WKMpj5PFlX9Gk2U1lhAno=
0,28,cXGN5X3lLuLXL/DgfUinSeVPwtk=,nWRTYzkxxNtI2AjF+G//HCI27X4=
0,27,cXGN5X3lLuLXL/DgfUinSeVPwtk=,nWRTYzkxxNtI2AjF+G//HCI27X4=
1,27,cXGN5X3lLuLXL/DgfUinSeVPwtk=,nWRTYzkxxNtI2AjF+G//HCI27X4=
1,28,cXGN5X3lLuLXL/DgfUinSeVPwtk=,nWRTYzkxxNtI2AjF+G//HCI27X4=
2,27,cXGN5X3lLuLXL/DgfUinSeVPwtk=,nWRTYzkxxNtI2AjF+G//HCI27X4=
4,31,cXGN5X3lLuLXL/DgfUinSeVPwtk=,nWRTYzkxxNtI2AjF+G//HCI27X4=
2,28,cXGN5X3lLuLXL/DgfUinSeVPwtk=,nWRTYzkxxNtI2AjF+G//HCI27X4=
3,17,cXGN5X3lLuLXL/DgfUinSeVPwtk=,QmROFbysJ249hoTsqAI7rW1Dy3I=
3,29,cXGN5X3lLuLXL/DgfUinSeVPwtk=,nWRTYzkxxNtI2AjF+G//HCI27X4=
4,30,cXGN5X3lLuLXL/DgfUinSeVPwtk=,nWRTYzkxxNtI2AjF+G//HCI27X4=
4,29,cXGN5X3lLuLXL/DgfUinSeVPwtk=,nWRTYzkxxNtI2AjF+G//HCI27X4=
3,31,cXGN5X3lLuLXL/DgfUinSeVPwtk=,nWRTYzkxxNtI2AjF+G//HCI27X4=
10,18,cXGN5X3lLuLXL/DgfUinSeVPwtk=,9B98Y6WKMpj5PFlX9Gk2U1lhAno=
6,16,cXGN5X3lLuLXL/DgfUinSeVPwtk=,QmROFbysJ249hoTsqAI7rW1Dy3I=
7,16,cXGN5X3lLuLXL/DgfUinSeVPwtk=,QmROFbysJ249hoTsqAI7rW1Dy3I=
9,18,cXGN5X3lLuLXL/DgfUinSeVPwtk=,9B98Y6WKMpj5PFlX9Gk2U1lhAno=
5,16,cXGN5X3lLuLXL/DgfUinSeVPwtk=,QmROFbysJ249hoTsqAI7rW1Dy3I=
4,17,cXGN5X3lLuLXL/DgfUinSeVPwtk=,QmROFbysJ249hoTsqAI7rW1Dy3I=
10,17,cXGN5X3lLuLXL/DgfUinSeVPwtk=,9B98Y6WKMpj5PFlX9Gk2U1lhAno=
9,17,cXGN5X3lLuLXL/DgfUinSeVPwtk=,9B98Y6WKMpj5PFlX9Gk2U1lhAno=
8,18,cXGN5X3lLuLXL/DgfUinSeVPwtk=,9B98Y6WKMpj5PFlX9Gk2U1lhAno=
4,16,cXGN5X3lLuLXL/DgfUinSeVPwtk=,QmROFbysJ249hoTsqAI7rW1Dy3I=
10,16,cXGN5X3lLuLXL/DgfUinSeVPwtk=,9B98Y6WKMpj5PFlX9Gk2U1lhAno=
5,17,cXGN5X3lLuLXL/DgfUinSeVPwtk=,QmROFbysJ249hoTsqAI7rW1Dy3I=
8,17,cXGN5X3lLuLXL/DgfUinSeVPwtk=,9B98Y6WKMpj5PFlX9Gk2U1lhAno=
9,16,cXGN5X3lLuLXL/DgfUinSeVPwtk=,9B98Y6WKMpj5PFlX9Gk2U1lhAno=
3,16,cXGN5X3lLuLXL/DgfUinSeVPwtk=,QmROFbysJ249hoTsqAI7rW1Dy3I=
7,18,cXGN5X3lLuLXL/DgfUinSeVPwtk=,QmROFbysJ249hoTsqAI7rW1Dy3I=
6,17,cXGN5X3lLuLXL/DgfUinSeVPwtk=,QmROFbysJ249hoTsqAI7rW1Dy3I=
4,18,cXGN5X3lLuLXL/DgfUinSeVPwtk=,QmROFbysJ249hoTsqAI7rW1Dy3I=
3,30,cXGN5X3lLuLXL/DgfUinSeVPwtk=,nWRTYzkxxNtI2AjF+G//HCI27X4=
8,16,cXGN5X3lLuLXL/DgfUinSeVPwtk=,9B98Y6WKMpj5PFlX9Gk2U1lhAno=
7,17,cXGN5X3lLuLXL/DgfUinSeVPwtk=,QmROFbysJ249hoTsqAI7rW1Dy3I=
5,18,cXGN5X3lLuLXL/DgfUinSeVPwtk=,QmROFbysJ249hoTsqAI7rW1Dy3I=
6,18,cXGN5X3lLuLXL/DgfUinSeVPwtk=,QmROFbysJ249hoTsqAI7rW1Dy3I=
3,18,cXGN5X3lLuLXL/DgfUinSeVPwtk=,QmROFbysJ249hoTsqAI7rW1Dy3I=
0,26,cXGN5X3lLuLXL/DgfUinSeVPwtk=,nWRTYzkxxNtI2AjF+G//HCI27X4=
0,23,cXGN5X3lLuLXL/DgfUinSeVPwtk=,QmROFbysJ249hoTsqAI7rW1Dy3I=
0,25,cXGN5X3lLuLXL/DgfUinSeVPwtk=,nWRTYzkxxNtI2AjF+G//HCI27X4=
0,22,cXGN5X3lLuLXL/DgfUinSeVPwtk=,QmROFbysJ249hoTsqAI7rW1Dy3I=
0,24,cXGN5X3lLuLXL/DgfUinSeVPwtk=,nWRTYzkxxNtI2AjF+G//HCI27X4=
1,22,cXGN5X3lLuLXL/DgfUinSeVPwtk=,QmROFbysJ249hoTsqAI7rW1Dy3I=
1,23,cXGN5X3lLuLXL/DgfUinSeVPwtk=,QmROFbysJ249hoTsqAI7rW1Dy3I=
1,24,cXGN5X3lLuLXL/DgfUinSeVPwtk=,nWRTYzkxxNtI2AjF+G//HCI27X4=
1,25,cXGN5X3lLuLXL/DgfUinSeVPwtk=,nWRTYzkxxNtI2AjF+G//HCI27X4=
1,16,cXGN5X3lLuLXL/DgfUinSeVPwtk=,QmROFbysJ249hoTsqAI7rW1Dy3I=
0,18,cXGN5X3lLuLXL/DgfUinSeVPwtk=,QmROFbysJ249hoTsqAI7rW1Dy3I=
1,26,cXGN5X3lLuLXL/DgfUinSeVPwtk=,nWRTYzkxxNtI2AjF+G//HCI27X4=
2,25,cXGN5X3lLuLXL/DgfUinSeVPwtk=,nWRTYzkxxNtI2AjF+G//HCI27X4=
0,17,cXGN5X3lLuLXL/DgfUinSeVPwtk=,QmROFbysJ249hoTsqAI7rW1Dy3I=
1,21,cXGN5X3lLuLXL/DgfUinSeVPwtk=,QmROFbysJ249hoTsqAI7rW1Dy3I=
2,24,cXGN5X3lLuLXL/DgfUinSeVPwtk=,nWRTYzkxxNtI2AjF+G//HCI27X4=
0,19,cXGN5X3lLuLXL/DgfUinSeVPwtk=,QmROFbysJ249hoTsqAI7rW1Dy3I=
2,16,cXGN5X3lLuLXL/DgfUinSeVPwtk=,QmROFbysJ249hoTsqAI7rW1Dy3I=
12,31,cXGN5X3lLuLXL/DgfUinSeVPwtk=,sloc5MNbaDkmQr/VmLmJNITrglY=
11,31,cXGN5X3lLuLXL/DgfUinSeVPwtk=,sloc5MNbaDkmQr/VmLmJNITrglY=
10,31,cXGN5X3lLuLXL/DgfUinSeVPwtk=,sloc5MNbaDkmQr/VmLmJNITrglY=
9,31,cXGN5X3lLuLXL/DgfUinSeVPwtk=,sloc5MNbaDkmQr/VmLmJNITrglY=
1,18,cXGN5X3lLuLXL/DgfUinSeVPwtk=,QmROFbysJ249hoTsqAI7rW1Dy3I=
12,30,cXGN5X3lLuLXL/DgfUinSeVPwtk=,sloc5MNbaDkmQr/VmLmJNITrglY=
11,30,cXGN5X3lLuLXL/DgfUinSeVPwtk=,sloc5MNbaDkmQr/VmLmJNITrglY=
1,19,cXGN5X3lLuLXL/DgfUinSeVPwtk=,QmROFbysJ249hoTsqAI7rW1Dy3I=
2,22,cXGN5X3lLuLXL/DgfUinSeVPwtk=,QmROFbysJ249hoTsqAI7rW1Dy3I=
10,30,cXGN5X3lLuLXL/DgfUinSeVPwtk=,sloc5MNbaDkmQr/VmLmJNITrglY=
9,30,cXGN5X3lLuLXL/DgfUinSeVPwtk=,sloc5MNbaDkmQr/VmLmJNITrglY=
5,29,cXGN5X3lLuLXL/DgfUinSeVPwtk=,nWRTYzkxxNtI2AjF+G//HCI27X4=
2,18,cXGN5X3lLuLXL/DgfUinSeVPwtk=,QmROFbysJ249hoTsqAI7rW1Dy3I=
12,29,cXGN5X3lLuLXL/DgfUinSeVPwtk=,sloc5MNbaDkmQr/VmLmJNITrglY=
11,29,cXGN5X3lLuLXL/DgfUinSeVPwtk=,sloc5MNbaDkmQr/VmLmJNITrglY=
10,29,cXGN5X3lLuLXL/DgfUinSeVPwtk=,sloc5MNbaDkmQr/VmLmJNITrglY=
0,21,cXGN5X3lLuLXL/DgfUinSeVPwtk=,QmROFbysJ249hoTsqAI7rW1Dy3I=
6,30,cXGN5X3lLuLXL/DgfUinSeVPwtk=,nWRTYzkxxNtI2AjF+G//HCI27X4=
6,31,cXGN5X3lLuLXL/DgfUinSeVPwtk=,nWRTYzkxxNtI2AjF+G//HCI27X4=
5,30,cXGN5X3lLuLXL/DgfUinSeVPwtk=,nWRTYzkxxNtI2AjF+G//HCI27X4=
5,31,cXGN5X3lLuLXL/DgfUinSeVPwtk=,nWRTYzkxxNtI2AjF+G//HCI27X4=
8,31,cXGN5X3lLuLXL/DgfUinSeVPwtk=,sloc5MNbaDkmQr/VmLmJNITrglY=
2,21,cXGN5X3lLuLXL/DgfUinSeVPwtk=,QmROFbysJ249hoTsqAI7rW1Dy3I=
7,30,cXGN5X3lLuLXL/DgfUinSeVPwtk=,nWRTYzkxxNtI2AjF+G//HCI27X4=
2,23,cXGN5X3lLuLXL/DgfUinSeVPwtk=,QmROFbysJ249hoTsqAI7rW1Dy3I=
9,29,cXGN5X3lLuLXL/DgfUinSeVPwtk=,sloc5MNbaDkmQr/VmLmJNITrglY=
0,16,cXGN5X3lLuLXL/DgfUinSeVPwtk=,QmROFbysJ249hoTsqAI7rW1Dy3I=
8,29,cXGN5X3lLuLXL/DgfUinSeVPwtk=,sloc5MNbaDkmQr/VmLmJNITrglY=
6,29,cXGN5X3lLuLXL/DgfUinSeVPwtk=,nWRTYzkxxNtI2AjF+G//HCI27X4=
8,30,cXGN5X3lLuLXL/DgfUinSeVPwtk=,sloc5MNbaDkmQr/VmLmJNITrglY=
7,31,cXGN5X3lLuLXL/DgfUinSeVPwtk=,nWRTYzkxxNtI2AjF+G//HCI27X4=
1,20,cXGN5X3lLuLXL/DgfUinSeVPwtk=,QmROFbysJ249hoTsqAI7rW1Dy3I=
2,20,cXGN5X3lLuLXL/DgfUinSeVPwtk=,QmROFbysJ249hoTsqAI7rW1Dy3I=
2,17,cXGN5X3lLuLXL/DgfUinSeVPwtk=,QmROFbysJ249hoTsqAI7rW1Dy3I=
0,20,cXGN5X3lLuLXL/DgfUinSeVPwtk=,QmROFbysJ249hoTsqAI7rW1Dy3I=
7,29,cXGN5X3lLuLXL/DgfUinSeVPwtk=,nWRTYzkxxNtI2AjF+G//HCI27X4=
1,17,cXGN5X3lLuLXL/DgfUinSeVPwtk=,QmROFbysJ249hoTsqAI7rW1Dy3I=
2,26,cXGN5X3lLuLXL/DgfUinSeVPwtk=,nWRTYzkxxNtI2AjF+G//HCI27X4=
2,19,cXGN5X3lLuLXL/DgfUinSeVPwtk=,QmROFbysJ249hoTsqAI7rW1Dy3I=
0,29,cXGN5X3lLuLXL/DgfUinSeVPwtk=,nWRTYzkxxNtI2AjF+G//HCI27X4=
0,30,cXGN5X3lLuLXL/DgfUinSeVPwtk=,nWRTYzkxxNtI2AjF+G//HCI27X4=
0,31,cXGN5X3lLuLXL/DgfUinSeVPwtk=,nWRTYzkxxNtI2AjF+G//HCI27X4=
1,30,cXGN5X3lLuLXL/DgfUinSeVPwtk=,nWRTYzkxxNtI2AjF+G//HCI27X4=
1,29,cXGN5X3lLuLXL/DgfUinSeVPwtk=,nWRTYzkxxNtI2AjF+G//HCI27X4=
2,30,cXGN5X3lLuLXL/DgfUinSeVPwtk=,nWRTYzkxxNtI2AjF+G//HCI27X4=
1,31,cXGN5X3lLuLXL/DgfUinSeVPwtk=,nWRTYzkxxNtI2AjF+G//HCI27X4=
2,31,cXGN5X3lLuLXL/DgfUinSeVPwtk=,nWRTYzkxxNtI2AjF+G//HCI27X4=
2,29,cXGN5X3lLuLXL/DgfUinSeVPwtk=,nWRTYzkxxNtI2AjF+G//HCI27X4=
13,16,DsKiBFV7hSB/siwYGA/USGfqFG8=,9B98Y6WKMpj5PFlX9Gk2U1lhAno=
13,18,DsKiBFV7hSB/siwYGA/USGfqFG8=,9B98Y6WKMpj5PFlX9Gk2U1lhAno=
15,18,DsKiBFV7hSB/siwYGA/USGfqFG8=,9B98Y6WKMpj5PFlX9Gk2U1lhAno=
14,16,DsKiBFV7hSB/siwYGA/USGfqFG8=,9B98Y6WKMpj5PFlX9Gk2U1lhAno=
14,18,DsKiBFV7hSB/siwYGA/USGfqFG8=,9B98Y6WKMpj5PFlX9Gk2U1lhAno=
15,16,DsKiBFV7hSB/siwYGA/USGfqFG8=,9B98Y6WKMpj5PFlX9Gk2U1lhAno=
15,17,DsKiBFV7hSB/siwYGA/USGfqFG8=,9B98Y6WKMpj5PFlX9Gk2U1lhAno=
13,17,DsKiBFV7hSB/siwYGA/USGfqFG8=,9B98Y6WKMpj5PFlX9Gk2U1lhAno=
14,17,DsKiBFV7hSB/siwYGA/USGfqFG8=,9B98Y6WKMpj5PFlX9Gk2U1lhAno=
14,22,DsKiBFV7hSB/siwYGA/USGfqFG8=,9B98Y6WKMpj5PFlX9Gk2U1lhAno=
15,22,DsKiBFV7hSB/siwYGA/USGfqFG8=,9B98Y6WKMpj5PFlX9Gk2U1lhAno=
15,31,DsKiBFV7hSB/siwYGA/USGfqFG8=,sloc5MNbaDkmQr/VmLmJNITrglY=
13,22,DsKiBFV7hSB/siwYGA/USGfqFG8=,9B98Y6WKMpj5PFlX9Gk2U1lhAno=
14,31,DsKiBFV7hSB/siwYGA/USGfqFG8=,sloc5MNbaDkmQr/VmLmJNITrglY=
13,31,DsKiBFV7hSB/siwYGA/USGfqFG8=,sloc5MNbaDkmQr/VmLmJNITrglY=
15,30,DsKiBFV7hSB/siwYGA/USGfqFG8=,sloc5MNbaDkmQr/VmLmJNITrglY=
14,30,DsKiBFV7hSB/siwYGA/USGfqFG8=,sloc5MNbaDkmQr/VmLmJNITrglY=
13,30,DsKiBFV7hSB/siwYGA/USGfqFG8=,sloc5MNbaDkmQr/VmLmJNITrglY=
15,29,DsKiBFV7hSB/siwYGA/USGfqFG8=,sloc5MNbaDkmQr/VmLmJNITrglY=
14,29,DsKiBFV7hSB/siwYGA/USGfqFG8=,sloc5MNbaDkmQr/VmLmJNITrglY=
13,29,DsKiBFV7hSB/siwYGA/USGfqFG8=,sloc5MNbaDkmQr/VmLmJNITrglY=
14,28,DsKiBFV7hSB/siwYGA/USGfqFG8=,sloc5MNbaDkmQr/VmLmJNITrglY=
15,21,DsKiBFV7hSB/siwYGA/USGfqFG8=,9B98Y6WKMpj5PFlX9Gk2U1lhAno=
15,28,DsKiBFV7hSB/siwYGA/USGfqFG8=,sloc5MNbaDkmQr/VmLmJNITrglY=
13,27,DsKiBFV7hSB/siwYGA/USGfqFG8=,sloc5MNbaDkmQr/VmLmJNITrglY=
13,21,DsKiBFV7hSB/siwYGA/USGfqFG8=,9B98Y6WKMpj5PFlX9Gk2U1lhAno=
13,28,DsKiBFV7hSB/siwYGA/USGfqFG8=,sloc5MNbaDkmQr/VmLmJNITrglY=
14,21,DsKiBFV7hSB/siwYGA/USGfqFG8=,9B98Y6WKMpj5PFlX9Gk2U1lhAno=
14,23,DsKiBFV7hSB/siwYGA/USGfqFG8=,9B98Y6WKMpj5PFlX9Gk2U1lhAno=
13,26,DsKiBFV7hSB/siwYGA/USGfqFG8=,sloc5MNbaDkmQr/VmLmJNITrglY=
13,23,DsKiBFV7hSB/siwYGA/USGfqFG8=,9B98Y6WKMpj5PFlX9Gk2U1lhAno=
15,23,DsKiBFV7hSB/siwYGA/USGfqFG8=,9B98Y6WKMpj5PFlX9Gk2U1lhAno=
15,24,DsKiBFV7hSB/siwYGA/USGfqFG8=,sloc5MNbaDkmQr/VmLmJNITrglY=
13,24,DsKiBFV7hSB/siwYGA/USGfqFG8=,sloc5MNbaDkmQr/VmLmJNITrglY=
14,24,DsKiBFV7hSB/siwYGA/USGfqFG8=,sloc5MNbaDkmQr/VmLmJNITrglY=
13,25,DsKiBFV7hSB/siwYGA/USGfqFG8=,sloc5MNbaDkmQr/VmLmJNITrglY=
14,27,DsKiBFV7hSB/siwYGA/USGfqFG8=,sloc5MNbaDkmQr/VmLmJNITrglY=
14,25,DsKiBFV7hSB/siwYGA/USGfqFG8=,sloc5MNbaDkmQr/VmLmJNITrglY=
15,27,DsKiBFV7hSB/siwYGA/USGfqFG8=,sloc5MNbaDkmQr/VmLmJNITrglY=
15,25,DsKiBFV7hSB/siwYGA/USGfqFG8=,sloc5MNbaDkmQr/VmLmJNITrglY=
14,26,DsKiBFV7hSB/siwYGA/USGfqFG8=,sloc5MNbaDkmQr/VmLmJNITrglY=
15,26,DsKiBFV7hSB/siwYGA/USGfqFG8=,sloc5MNbaDkmQr/VmLmJNITrglY=
19,19,quxaEI6ojfQfs+ZrP5SrhcKUpfY=,7Bovmu8zdTJjTPxZa8d3uqa8xZY=
20,19,quxaEI6ojfQfs+ZrP5SrhcKUpfY=,7Bovmu8zdTJjTPxZa8d3uqa8xZY=
19,20,quxaEI6ojfQfs+ZrP5SrhcKUpfY=,7Bovmu8zdTJjTPxZa8d3uqa8xZY=
20,20,quxaEI6ojfQfs+ZrP5SrhcKUpfY=,7Bovmu8zdTJjTPxZa8d3uqa8xZY=
28,27,quxaEI6ojfQfs+ZrP5SrhcKUpfY=,QhoIUR7VhVQa2X3sIVePiHS111E=
28,28,quxaEI6ojfQfs+ZrP5SrhcKUpfY=,QhoIUR7VhVQa2X3sIVePiHS111E=
27,27,quxaEI6ojfQfs+ZrP5SrhcKUpfY=,QhoIUR7VhVQa2X3sIVePiHS111E=
27,28,quxaEI6ojfQfs+ZrP5SrhcKUpfY=,QhoIUR7VhVQa2X3sIVePiHS111E=
20,24,quxaEI6ojfQfs+ZrP5SrhcKUpfY=,+oIry8cMSqSzJ+fQvignsXTIDdE=
19,24,quxaEI6ojfQfs+ZrP5SrhcKUpfY=,+oIry8cMSqSzJ+fQvignsXTIDdE=
20,23,quxaEI6ojfQfs+ZrP5SrhcKUpfY=,7Bovmu8zdTJjTPxZa8d3uqa8xZY=
19,23,quxaEI6ojfQfs+ZrP5SrhcKUpfY=,7Bovmu8zdTJjTPxZa8d3uqa8xZY=
26,27,quxaEI6ojfQfs+ZrP5SrhcKUpfY=,QhoIUR7VhVQa2X3sIVePiHS111E=
20,22,quxaEI6ojfQfs+ZrP5SrhcKUpfY=,7Bovmu8zdTJjTPxZa8d3uqa8xZY=
25,27,quxaEI6ojfQfs+ZrP5SrhcKUpfY=,QhoIUR7VhVQa2X3sIVePiHS111E=
19,22,quxaEI6ojfQfs+ZrP5SrhcKUpfY=,7Bovmu8zdTJjTPxZa8d3uqa8xZY=
24,28,quxaEI6ojfQfs+ZrP5SrhcKUpfY=,QhoIUR7VhVQa2X3sIVePiHS111E=
22,27,quxaEI6ojfQfs+ZrP5SrhcKUpfY=,+oIry8cMSqSzJ+fQvignsXTIDdE=
20,26,quxaEI6ojfQfs+ZrP5SrhcKUpfY=,+oIry8cMSqSzJ+fQvignsXTIDdE=
27,23,quxaEI6ojfQfs+ZrP5SrhcKUpfY=,YaZYhjL0V0fY+9HaBNMwtYeYQz4=
21,27,quxaEI6ojfQfs+ZrP5SrhcKUpfY=,+oIry8cMSqSzJ+fQvignsXTIDdE=
23,27,quxaEI6ojfQfs+ZrP5SrhcKUpfY=,+oIry8cMSqSzJ+fQvignsXTIDdE=
24,27,quxaEI6ojfQfs+ZrP5SrhcKUpfY=,QhoIUR7VhVQa2X3sIVePiHS111E=
25,28,quxaEI6ojfQfs+ZrP5SrhcKUpfY=,QhoIUR7VhVQa2X3sIVePiHS111E=
19,26,quxaEI6ojfQfs+ZrP5SrhcKUpfY=,+oIry8cMSqSzJ+fQvignsXTIDdE=
26,28,quxaEI6ojfQfs+ZrP5SrhcKUpfY=,QhoIUR7VhVQa2X3sIVePiHS111E=
27,19,quxaEI6ojfQfs+ZrP5SrhcKUpfY=,YaZYhjL0V0fY+9HaBNMwtYeYQz4=
28,21,quxaEI6ojfQfs+ZrP5SrhcKUpfY=,YaZYhjL0V0fY+9HaBNMwtYeYQz4=
19,28,quxaEI6ojfQfs+ZrP5SrhcKUpfY=,+oIry8cMSqSzJ+fQvignsXTIDdE=
23,24,quxaEI6ojfQfs+ZrP5SrhcKUpfY=,+oIry8cMSqSzJ+fQvignsXTIDdE=
20,28,quxaEI6ojfQfs+ZrP5SrhcKUpfY=,+oIry8cMSqSzJ+fQvignsXTIDdE=
22,26,quxaEI6ojfQfs+ZrP5SrhcKUpfY=,+oIry8cMSqSzJ+fQvignsXTIDdE=
22,24,quxaEI6ojfQfs+ZrP5SrhcKUpfY=,+oIry8cMSqSzJ+fQvignsXTIDdE=
21,24,quxaEI6ojfQfs+ZrP5SrhcKUpfY=,+oIry8cMSqSzJ+fQvignsXTIDdE=
26,25,quxaEI6ojfQfs+ZrP5SrhcKUpfY=,QhoIUR7VhVQa2X3sIVePiHS111E=
27,25,quxaEI6ojfQfs+ZrP5SrhcKUpfY=,QhoIUR7VhVQa2X3sIVePiHS111E=
21,26,quxaEI6ojfQfs+ZrP5SrhcKUpfY=,+oIry8cMSqSzJ+fQvignsXTIDdE=
28,19,quxaEI6ojfQfs+ZrP5SrhcKUpfY=,YaZYhjL0V0fY+9HaBNMwtYeYQz4=
20,27,quxaEI6ojfQfs+ZrP5SrhcKUpfY=,+oIry8cMSqSzJ+fQvignsXTIDdE=
26,19,quxaEI6ojfQfs+ZrP5SrhcKUpfY=,YaZYhjL0V0fY+9HaBNMwtYeYQz4=
28,25,quxaEI6ojfQfs+ZrP5SrhcKUpfY=,QhoIUR7VhVQa2X3sIVePiHS111E=
24,22,quxaEI6ojfQfs+ZrP5SrhcKUpfY=,YaZYhjL0V0fY+9HaBNMwtYeYQz4=
25,19,quxaEI6ojfQfs+ZrP5SrhcKUpfY=,YaZYhjL0V0fY+9HaBNMwtYeYQz4=
24,19,quxaEI6ojfQfs+ZrP5SrhcKUpfY=,YaZYhjL0V0fY+9HaBNMwtYeYQz4=
25,25,quxaEI6ojfQfs+ZrP5SrhcKUpfY=,QhoIUR7VhVQa2X3sIVePiHS111E=
24,25,quxaEI6ojfQfs+ZrP5SrhcKUpfY=,QhoIUR7VhVQa2X3sIVePiHS111E=
23,20,quxaEI6ojfQfs+ZrP5SrhcKUpfY=,7Bovmu8zdTJjTPxZa8d3uqa8xZY=
25,22,quxaEI6ojfQfs+ZrP5SrhcKUpfY=,YaZYhjL0V0fY+9HaBNMwtYeYQz4=
22,20,quxaEI6ojfQfs+ZrP5SrhcKUpfY=,7Bovmu8zdTJjTPxZa8d3uqa8xZY=
19,25,quxaEI6ojfQfs+ZrP5SrhcKUpfY=,+oIry8cMSqSzJ+fQvignsXTIDdE=
27,26,quxaEI6ojfQfs+ZrP5SrhcKUpfY=,QhoIUR7VhVQa2X3sIVePiHS111E=
22,23,quxaEI6ojfQfs+ZrP5SrhcKUpfY=,7Bovmu8zdTJjTPxZa8d3uqa8xZY=
26,22,quxaEI6ojfQfs+ZrP5SrhcKUpfY=,YaZYhjL0V0fY+9HaBNMwtYeYQz4=
23,23,quxaEI6ojfQfs+ZrP5SrhcKUpfY=,7Bovmu8zdTJjTPxZa8d3uqa8xZY=
21,23,quxaEI6ojfQfs+ZrP5SrhcKUpfY=,7Bovmu8zdTJjTPxZa8d3uqa8xZY=
24,24,quxaEI6ojfQfs+ZrP5SrhcKUpfY=,QhoIUR7VhVQa2X3sIVePiHS111E=
25,24,quxaEI6ojfQfs+ZrP5SrhcKUpfY=,QhoIUR7VhVQa2X3sIVePiHS111E=
27,24,quxaEI6ojfQfs+ZrP5SrhcKUpfY=,QhoIUR7VhVQa2X3sIVePiHS111E=
28,26,quxaEI6ojfQfs+ZrP5SrhcKUpfY=,QhoIUR7VhVQa2X3sIVePiHS111E=
26,24,quxaEI6ojfQfs+ZrP5SrhcKUpfY=,QhoIUR7VhVQa2X3sIVePiHS111E=
23,21,quxaEI6ojfQfs+ZrP5SrhcKUpfY=,7Bovmu8zdTJjTPxZa8d3uqa8xZY=
22,21,quxaEI6ojfQfs+ZrP5SrhcKUpfY=,7Bovmu8zdTJjTPxZa8d3uqa8xZY=
23,19,quxaEI6ojfQfs+ZrP5SrhcKUpfY=,7Bovmu8zdTJjTPxZa8d3uqa8xZY=
21,21,quxaEI6ojfQfs+ZrP5SrhcKUpfY=,7Bovmu8zdTJjTPxZa8d3uqa8xZY=
26,23,quxaEI6ojfQfs+ZrP5SrhcKUpfY=,YaZYhjL0V0fY+9HaBNMwtYeYQz4=
26,26,quxaEI6ojfQfs+ZrP5SrhcKUpfY=,QhoIUR7VhVQa2X3sIVePiHS111E=
25,26,quxaEI6ojfQfs+ZrP5SrhcKUpfY=,QhoIUR7VhVQa2X3sIVePiHS111E=
22,19,quxaEI6ojfQfs+ZrP5SrhcKUpfY=,7Bovmu8zdTJjTPxZa8d3uqa8xZY=
21,20,quxaEI6ojfQfs+ZrP5SrhcKUpfY=,7Bovmu8zdTJjTPxZa8d3uqa8xZY=
24,26,quxaEI6ojfQfs+ZrP5SrhcKUpfY=,QhoIUR7VhVQa2X3sIVePiHS111E=
20,21,quxaEI6ojfQfs+ZrP5SrhcKUpfY=,7Bovmu8zdTJjTPxZa8d3uqa8xZY=
19,21,quxaEI6ojfQfs+ZrP5SrhcKUpfY=,7Bovmu8zdTJjTPxZa8d3uqa8xZY=
23,22,quxaEI6ojfQfs+ZrP5SrhcKUpfY=,7Bovmu8zdTJjTPxZa8d3uqa8xZY=
28,24,quxaEI6ojfQfs+ZrP5SrhcKUpfY=,QhoIUR7VhVQa2X3sIVePiHS111E=
23,25,quxaEI6ojfQfs+ZrP5SrhcKUpfY=,+oIry8cMSqSzJ+fQvignsXTIDdE=
21,22,quxaEI6ojfQfs+ZrP5SrhcKUpfY=,7Bovmu8zdTJjTPxZa8d3uqa8xZY=
23,28,quxaEI6ojfQfs+ZrP5SrhcKUpfY=,+oIry8cMSqSzJ+fQvignsXTIDdE=
22,22,quxaEI6ojfQfs+ZrP5SrhcKUpfY=,7Bovmu8zdTJjTPxZa8d3uqa8xZY=
22,25,quxaEI6ojfQfs+ZrP5SrhcKUpfY=,+oIry8cMSqSzJ+fQvignsXTIDdE=
24,23,quxaEI6ojfQfs+ZrP5SrhcKUpfY=,YaZYhjL0V0fY+9HaBNMwtYeYQz4=
21,25,quxaEI6ojfQfs+ZrP5SrhcKUpfY=,+oIry8cMSqSzJ+fQvignsXTIDdE=
25,23,quxaEI6ojfQfs+ZrP5SrhcKUpfY=,YaZYhjL0V0fY+9HaBNMwtYeYQz4=
21,28,quxaEI6ojfQfs+ZrP5SrhcKUpfY=,+oIry8cMSqSzJ+fQvignsXTIDdE=
20,25,quxaEI6ojfQfs+ZrP5SrhcKUpfY=,+oIry8cMSqSzJ+fQvignsXTIDdE=
24,21,quxaEI6ojfQfs+ZrP5SrhcKUpfY=,YaZYhjL0V0fY+9HaBNMwtYeYQz4=
22,28,quxaEI6ojfQfs+ZrP5SrhcKUpfY=,+oIry8cMSqSzJ+fQvignsXTIDdE=
19,27,quxaEI6ojfQfs+ZrP5SrhcKUpfY=,+oIry8cMSqSzJ+fQvignsXTIDdE=
24,20,quxaEI6ojfQfs+ZrP5SrhcKUpfY=,YaZYhjL0V0fY+9HaBNMwtYeYQz4=
27,21,quxaEI6ojfQfs+ZrP5SrhcKUpfY=,YaZYhjL0V0fY+9HaBNMwtYeYQz4=
28,23,quxaEI6ojfQfs+ZrP5SrhcKUpfY=,YaZYhjL0V0fY+9HaBNMwtYeYQz4=
23,26,quxaEI6ojfQfs+ZrP5SrhcKUpfY=,+oIry8cMSqSzJ+fQvignsXTIDdE=
21,19,quxaEI6ojfQfs+ZrP5SrhcKUpfY=,7Bovmu8zdTJjTPxZa8d3uqa8xZY=
25,21,quxaEI6ojfQfs+ZrP5SrhcKUpfY=,YaZYhjL0V0fY+9HaBNMwtYeYQz4=
27,22,quxaEI6ojfQfs+ZrP5SrhcKUpfY=,YaZYhjL0V0fY+9HaBNMwtYeYQz4=
26,21,quxaEI6ojfQfs+ZrP5SrhcKUpfY=,YaZYhjL0V0fY+9HaBNMwtYeYQz4=
25,20,quxaEI6ojfQfs+ZrP5SrhcKUpfY=,YaZYhjL0V0fY+9HaBNMwtYeYQz4=
26,20,quxaEI6ojfQfs+ZrP5SrhcKUpfY=,YaZYhjL0V0fY+9HaBNMwtYeYQz4=
27,20,quxaEI6ojfQfs+ZrP5SrhcKUpfY=,YaZYhjL0V0fY+9HaBNMwtYeYQz4=
28,22,quxaEI6ojfQfs+ZrP5SrhcKUpfY=,YaZYhjL0V0fY+9HaBNMwtYeYQz4=
31,19,quxaEI6ojfQfs+ZrP5SrhcKUpfY=,YaZYhjL0V0fY+9HaBNMwtYeYQz4=
28,20,quxaEI6ojfQfs+ZrP5SrhcKUpfY=,YaZYhjL0V0fY+9HaBNMwtYeYQz4=
30,19,quxaEI6ojfQfs+ZrP5SrhcKUpfY=,YaZYhjL0V0fY+9HaBNMwtYeYQz4=
31,20,quxaEI6ojfQfs+ZrP5SrhcKUpfY=,YaZYhjL0V0fY+9HaBNMwtYeYQz4=
29,19,quxaEI6ojfQfs+ZrP5SrhcKUpfY=,YaZYhjL0V0fY+9HaBNMwtYeYQz4=
30,20,quxaEI6ojfQfs+ZrP5SrhcKUpfY=,YaZYhjL0V0fY+9HaBNMwtYeYQz4=
29,20,quxaEI6ojfQfs+ZrP5SrhcKUpfY=,YaZYhjL0V0fY+9HaBNMwtYeYQz4=
29,27,quxaEI6ojfQfs+ZrP5SrhcKUpfY=,QhoIUR7VhVQa2X3sIVePiHS111E=
29,21,quxaEI6ojfQfs+ZrP5SrhcKUpfY=,YaZYhjL0V0fY+9HaBNMwtYeYQz4=
19,31,26OFcoYiEcIxM6NEnLILk79nVL0=,+oIry8cMSqSzJ+fQvignsXTIDdE=
20,31,26OFcoYiEcIxM6NEnLILk79nVL0=,+oIry8cMSqSzJ+fQvignsXTIDdE=
19,29,26OFcoYiEcIxM6NEnLILk79nVL0=,+oIry8cMSqSzJ+fQvignsXTIDdE=
20,29,26OFcoYiEcIxM6NEnLILk79nVL0=,+oIry8cMSqSzJ+fQvignsXTIDdE=
19,30,26OFcoYiEcIxM6NEnLILk79nVL0=,+oIry8cMSqSzJ+fQvignsXTIDdE=
20,30,26OFcoYiEcIxM6NEnLILk79nVL0=,+oIry8cMSqSzJ+fQvignsXTIDdE=
16,28,26OFcoYiEcIxM6NEnLILk79nVL0=,+oIry8cMSqSzJ+fQvignsXTIDdE=
29,26,quxaEI6ojfQfs+ZrP5SrhcKUpfY=,QhoIUR7VhVQa2X3sIVePiHS111E=
17,28,26OFcoYiEcIxM6NEnLILk79nVL0=,+oIry8cMSqSzJ+fQvignsXTIDdE=
31,25,quxaEI6ojfQfs+ZrP5SrhcKUpfY=,QhoIUR7VhVQa2X3sIVePiHS111E=
31,28,quxaEI6ojfQfs+ZrP5SrhcKUpfY=,QhoIUR7VhVQa2X3sIVePiHS111E=
29,25,quxaEI6ojfQfs+ZrP5SrhcKUpfY=,QhoIUR7VhVQa2X3sIVePiHS111E=
30,25,quxaEI6ojfQfs+ZrP5SrhcKUpfY=,QhoIUR7VhVQa2X3sIVePiHS111E=
30,28,quxaEI6ojfQfs+ZrP5SrhcKUpfY=,QhoIUR7VhVQa2X3sIVePiHS111E=
29,28,quxaEI6ojfQfs+ZrP5SrhcKUpfY=,QhoIUR7VhVQa2X3sIVePiHS111E=
18,27,26OFcoYiEcIxM6NEnLILk79nVL0=,+oIry8cMSqSzJ+fQvignsXTIDdE=
31,24,quxaEI6ojfQfs+ZrP5SrhcKUpfY=,QhoIUR7VhVQa2X3sIVePiHS111E=
31,23,quxaEI6ojfQfs+ZrP5SrhcKUpfY=,YaZYhjL0V0fY+9HaBNMwtYeYQz4=
18,28,26OFcoYiEcIxM6NEnLILk79nVL0=,+oIry8cMSqSzJ+fQvignsXTIDdE=
17,27,26OFcoYiEcIxM6NEnLILk79nVL0=,+oIry8cMSqSzJ+fQvignsXTIDdE=
31,22,quxaEI6ojfQfs+ZrP5SrhcKUpfY=,YaZYhjL0V0fY+9HaBNMwtYeYQz4=
16,27,26OFcoYiEcIxM6NEnLILk79nVL0=,+oIry8cMSqSzJ+fQvignsXTIDdE=
29,22,quxaEI6ojfQfs+ZrP5SrhcKUpfY=,YaZYhjL0V0fY+9HaBNMwtYeYQz4=
30,24,quxaEI6ojfQfs+ZrP5SrhcKUpfY=,QhoIUR7VhVQa2X3sIVePiHS111E=
29,24,quxaEI6ojfQfs+ZrP5SrhcKUpfY=,QhoIUR7VhVQa2X3sIVePiHS111E=
30,27,quxaEI6ojfQfs+ZrP5SrhcKUpfY=,QhoIUR7VhVQa2X3sIVePiHS111E=
30,23,quxaEI6ojfQfs+ZrP5SrhcKUpfY=,YaZYhjL0V0fY+9HaBNMwtYeYQz4=
22,30,26OFcoYiEcIxM6NEnLILk79nVL0=,+oIry8cMSqSzJ+fQvignsXTIDdE=
31,27,quxaEI6ojfQfs+ZrP5SrhcKUpfY=,QhoIUR7VhVQa2X3sIVePiHS111E=
29,23,quxaEI6ojfQfs+ZrP5SrhcKUpfY=,YaZYhjL0V0fY+9HaBNMwtYeYQz4=
21,29,26OFcoYiEcIxM6NEnLILk79nVL0=,+oIry8cMSqSzJ+fQvignsXTIDdE=
21,30,26OFcoYiEcIxM6NEnLILk79nVL0=,+oIry8cMSqSzJ+fQvignsXTIDdE=
30,22,quxaEI6ojfQfs+ZrP5SrhcKUpfY=,YaZYhjL0V0fY+9HaBNMwtYeYQz4=
24,29,26OFcoYiEcIxM6NEnLILk79nVL0=,QhoIUR7VhVQa2X3sIVePiHS111E=
22,29,26OFcoYiEcIxM6NEnLILk79nVL0=,+oIry8cMSqSzJ+fQvignsXTIDdE=
23,29,26OFcoYiEcIxM6NEnLILk79nVL0=,+oIry8cMSqSzJ+fQvignsXTIDdE=
23,30,26OFcoYiEcIxM6NEnLILk79nVL0=,+oIry8cMSqSzJ+fQvignsXTIDdE=
31,21,quxaEI6ojfQfs+ZrP5SrhcKUpfY=,YaZYhjL0V0fY+9HaBNMwtYeYQz4=
21,31,26OFcoYiEcIxM6NEnLILk79nVL0=,+oIry8cMSqSzJ+fQvignsXTIDdE=
30,26,quxaEI6ojfQfs+ZrP5SrhcKUpfY=,QhoIUR7VhVQa2X3sIVePiHS111E=
30,21,quxaEI6ojfQfs+ZrP5SrhcKUpfY=,YaZYhjL0V0fY+9HaBNMwtYeYQz4=
22,31,26OFcoYiEcIxM6NEnLILk79nVL0=,+oIry8cMSqSzJ+fQvignsXTIDdE=
23,31,26OFcoYiEcIxM6NEnLILk79nVL0=,+oIry8cMSqSzJ+fQvignsXTIDdE=
24,31,26OFcoYiEcIxM6NEnLILk79nVL0=,QhoIUR7VhVQa2X3sIVePiHS111E=
31,26,quxaEI6ojfQfs+ZrP5SrhcKUpfY=,QhoIUR7VhVQa2X3sIVePiHS111E=
24,30,26OFcoYiEcIxM6NEnLILk79nVL0=,QhoIUR7VhVQa2X3sIVePiHS111E=
28,29,26OFcoYiEcIxM6NEnLILk79nVL0=,QhoIUR7VhVQa2X3sIVePiHS111E=
25,29,26OFcoYiEcIxM6NEnLILk79nVL0=,QhoIUR7VhVQa2X3sIVePiHS111E=
28,30,26OFcoYiEcIxM6NEnLILk79nVL0=,QhoIUR7VhVQa2X3sIVePiHS111E=
27,29,26OFcoYiEcIxM6NEnLILk79nVL0=,QhoIUR7VhVQa2X3sIVePiHS111E=
26,31,26OFcoYiEcIxM6NEnLILk79nVL0=,QhoIUR7VhVQa2X3sIVePiHS111E=
25,31,26OFcoYiEcIxM6NEnLILk79nVL0=,QhoIUR7VhVQa2X3sIVePiHS111E=
28,31,26OFcoYiEcIxM6NEnLILk79nVL0=,QhoIUR7VhVQa2X3sIVePiHS111E=
26,29,26OFcoYiEcIxM6NEnLILk79nVL0=,QhoIUR7VhVQa2X3sIVePiHS111E=
27,30,26OFcoYiEcIxM6NEnLILk79nVL0=,QhoIUR7VhVQa2X3sIVePiHS111E=
25,30,26OFcoYiEcIxM6NEnLILk79nVL0=,QhoIUR7VhVQa2X3sIVePiHS111E=
26,30,26OFcoYiEcIxM6NEnLILk79nVL0=,QhoIUR7VhVQa2X3sIVePiHS111E=
27,31,26OFcoYiEcIxM6NEnLILk79nVL0=,QhoIUR7VhVQa2X3sIVePiHS111E=
16,22,26OFcoYiEcIxM6NEnLILk79nVL0=,7Bovmu8zdTJjTPxZa8d3uqa8xZY=
18,23,26OFcoYiEcIxM6NEnLILk79nVL0=,7Bovmu8zdTJjTPxZa8d3uqa8xZY=
18,22,26OFcoYiEcIxM6NEnLILk79nVL0=,7Bovmu8zdTJjTPxZa8d3uqa8xZY=
17,22,26OFcoYiEcIxM6NEnLILk79nVL0=,7Bovmu8zdTJjTPxZa8d3uqa8xZY=
17,23,26OFcoYiEcIxM6NEnLILk79nVL0=,7Bovmu8zdTJjTPxZa8d3uqa8xZY=
16,23,26OFcoYiEcIxM6NEnLILk79nVL0=,7Bovmu8zdTJjTPxZa8d3uqa8xZY=
17,21,26OFcoYiEcIxM6NEnLILk79nVL0=,7Bovmu8zdTJjTPxZa8d3uqa8xZY=
16,21,26OFcoYiEcIxM6NEnLILk79nVL0=,7Bovmu8zdTJjTPxZa8d3uqa8xZY=
18,24,26OFcoYiEcIxM6NEnLILk79nVL0=,+oIry8cMSqSzJ+fQvignsXTIDdE=
18,21,26OFcoYiEcIxM6NEnLILk79nVL0=,7Bovmu8zdTJjTPxZa8d3uqa8xZY=
18,20,26OFcoYiEcIxM6NEnLILk79nVL0=,7Bovmu8zdTJjTPxZa8d3uqa8xZY=
16,20,26OFcoYiEcIxM6NEnLILk79nVL0=,7Bovmu8zdTJjTPxZa8d3uqa8xZY=
17,19,26OFcoYiEcIxM6NEnLILk79nVL0=,7Bovmu8zdTJjTPxZa8d3uqa8xZY=
17,20,26OFcoYiEcIxM6NEnLILk79nVL0=,7Bovmu8zdTJjTPxZa8d3uqa8xZY=
17,24,26OFcoYiEcIxM6NEnLILk79nVL0=,+oIry8cMSqSzJ+fQvignsXTIDdE=
18,19,26OFcoYiEcIxM6NEnLILk79nVL0=,7Bovmu8zdTJjTPxZa8d3uqa8xZY=
18,26,26OFcoYiEcIxM6NEnLILk79nVL0=,+oIry8cMSqSzJ+fQvignsXTIDdE=
17,26,26OFcoYiEcIxM6NEnLILk79nVL0=,+oIry8cMSqSzJ+fQvignsXTIDdE=
16,26,26OFcoYiEcIxM6NEnLILk79nVL0=,+oIry8cMSqSzJ+fQvignsXTIDdE=
18,25,26OFcoYiEcIxM6NEnLILk79nVL0=,+oIry8cMSqSzJ+fQvignsXTIDdE=
16,19,26OFcoYiEcIxM6NEnLILk79nVL0=,7Bovmu8zdTJjTPxZa8d3uqa8xZY=
16,24,26OFcoYiEcIxM6NEnLILk79nVL0=,+oIry8cMSqSzJ+fQvignsXTIDdE=
16,25,26OFcoYiEcIxM6NEnLILk79nVL0=,+oIry8cMSqSzJ+fQvignsXTIDdE=
17,25,26OFcoYiEcIxM6NEnLILk79nVL0=,+oIry8cMSqSzJ+fQvignsXTIDdE=
27,16,quxaEI6ojfQfs+ZrP5SrhcKUpfY=,YaZYhjL0V0fY+9HaBNMwtYeYQz4=
28,16,quxaEI6ojfQfs+ZrP5SrhcKUpfY=,YaZYhjL0V0fY+9HaBNMwtYeYQz4=
27,17,quxaEI6ojfQfs+ZrP5SrhcKUpfY=,YaZYhjL0V0fY+9HaBNMwtYeYQz4=
28,17,quxaEI6ojfQfs+ZrP5SrhcKUpfY=,YaZYhjL0V0fY+9HaBNMwtYeYQz4=
27,18,quxaEI6ojfQfs+ZrP5SrhcKUpfY=,YaZYhjL0V0fY+9HaBNMwtYeYQz4=
28,18,quxaEI6ojfQfs+ZrP5SrhcKUpfY=,YaZYhjL0V0fY+9HaBNMwtYeYQz4=
29,16,quxaEI6ojfQfs+ZrP5SrhcKUpfY=,YaZYhjL0V0fY+9HaBNMwtYeYQz4=
30,16,quxaEI6ojfQfs+ZrP5SrhcKUpfY=,YaZYhjL0V0fY+9HaBNMwtYeYQz4=
31,16,quxaEI6ojfQfs+ZrP5SrhcKUpfY=,YaZYhjL0V0fY+9HaBNMwtYeYQz4=
29,17,quxaEI6ojfQfs+ZrP5SrhcKUpfY=,YaZYhjL0V0fY+9HaBNMwtYeYQz4=
30,17,quxaEI6ojfQfs+ZrP5SrhcKUpfY=,YaZYhjL0V0fY+9HaBNMwtYeYQz4=
31,17,quxaEI6ojfQfs+ZrP5SrhcKUpfY=,YaZYhjL0V0fY+9HaBNMwtYeYQz4=
29,18,quxaEI6ojfQfs+ZrP5SrhcKUpfY=,YaZYhjL0V0fY+9HaBNMwtYeYQz4=
30,18,quxaEI6ojfQfs+ZrP5SrhcKUpfY=,YaZYhjL0V0fY+9HaBNMwtYeYQz4=
31,18,quxaEI6ojfQfs+ZrP5SrhcKUpfY=,YaZYhjL0V0fY+9HaBNMwtYeYQz4=
16,31,26OFcoYiEcIxM6NEnLILk79nVL0=,+oIry8cMSqSzJ+fQvignsXTIDdE=
17,31,26OFcoYiEcIxM6NEnLILk79nVL0=,+oIry8cMSqSzJ+fQvignsXTIDdE=
18,31,26OFcoYiEcIxM6NEnLILk79nVL0=,+oIry8cMSqSzJ+fQvignsXTIDdE=
16,29,26OFcoYiEcIxM6NEnLILk79nVL0=,+oIry8cMSqSzJ+fQvignsXTIDdE=
18,30,26OFcoYiEcIxM6NEnLILk79nVL0=,+oIry8cMSqSzJ+fQvignsXTIDdE=
17,30,26OFcoYiEcIxM6NEnLILk79nVL0=,+oIry8cMSqSzJ+fQvignsXTIDdE=
16,30,26OFcoYiEcIxM6NEnLILk79nVL0=,+oIry8cMSqSzJ+fQvignsXTIDdE=
18,29,26OFcoYiEcIxM6NEnLILk79nVL0=,+oIry8cMSqSzJ+fQvignsXTIDdE=
17,29,26OFcoYiEcIxM6NEnLILk79nVL0=,+oIry8cMSqSzJ+fQvignsXTIDdE=
31,31,26OFcoYiEcIxM6NEnLILk79nVL0=,QhoIUR7VhVQa2X3sIVePiHS111E=
31,30,26OFcoYiEcIxM6NEnLILk79nVL0=,QhoIUR7VhVQa2X3sIVePiHS111E=
31,29,26OFcoYiEcIxM6NEnLILk79nVL0=,QhoIUR7VhVQa2X3sIVePiHS111E=
30,29,26OFcoYiEcIxM6NEnLILk79nVL0=,QhoIUR7VhVQa2X3sIVePiHS111E=
23,16,quxaEI6ojfQfs+ZrP5SrhcKUpfY=,7Bovmu8zdTJjTPxZa8d3uqa8xZY=
26,17,quxaEI6ojfQfs+ZrP5SrhcKUpfY=,YaZYhjL0V0fY+9HaBNMwtYeYQz4=
25,17,quxaEI6ojfQfs+ZrP5SrhcKUpfY=,YaZYhjL0V0fY+9HaBNMwtYeYQz4=
26,16,quxaEI6ojfQfs+ZrP5SrhcKUpfY=,YaZYhjL0V0fY+9HaBNMwtYeYQz4=
25,16,quxaEI6ojfQfs+ZrP5SrhcKUpfY=,YaZYhjL0V0fY+9HaBNMwtYeYQz4=
24,16,quxaEI6ojfQfs+ZrP5SrhcKUpfY=,YaZYhjL0V0fY+9HaBNMwtYeYQz4=
29,31,26OFcoYiEcIxM6NEnLILk79nVL0=,QhoIUR7VhVQa2X3sIVePiHS111E=
22,16,quxaEI6ojfQfs+ZrP5SrhcKUpfY=,7Bovmu8zdTJjTPxZa8d3uqa8xZY=
29,29,26OFcoYiEcIxM6NEnLILk79nVL0=,QhoIUR7VhVQa2X3sIVePiHS111E=
24,17,quxaEI6ojfQfs+ZrP5SrhcKUpfY=,YaZYhjL0V0fY+9HaBNMwtYeYQz4=
26,18,quxaEI6ojfQfs+ZrP5SrhcKUpfY=,YaZYhjL0V0fY+9HaBNMwtYeYQz4=
30,31,26OFcoYiEcIxM6NEnLILk79nVL0=,QhoIUR7VhVQa2X3sIVePiHS111E=
23,18,quxaEI6ojfQfs+ZrP5SrhcKUpfY=,7Bovmu8zdTJjTPxZa8d3uqa8xZY=
22,18,quxaEI6ojfQfs+ZrP5SrhcKUpfY=,7Bovmu8zdTJjTPxZa8d3uqa8xZY=
21,16,quxaEI6ojfQfs+ZrP5SrhcKUpfY=,7Bovmu8zdTJjTPxZa8d3uqa8xZY=
25,18,quxaEI6ojfQfs+ZrP5SrhcKUpfY=,YaZYhjL0V0fY+9HaBNMwtYeYQz4=
21,18,quxaEI6ojfQfs+ZrP5SrhcKUpfY=,7Bovmu8zdTJjTPxZa8d3uqa8xZY=
22,17,quxaEI6ojfQfs+ZrP5SrhcKUpfY=,7Bovmu8zdTJjTPxZa8d3uqa8xZY=
20,16,quxaEI6ojfQfs+ZrP5SrhcKUpfY=,7Bovmu8zdTJjTPxZa8d3uqa8xZY=
24,18,quxaEI6ojfQfs+ZrP5SrhcKUpfY=,YaZYhjL0V0fY+9HaBNMwtYeYQz4=
21,17,quxaEI6ojfQfs+ZrP5SrhcKUpfY=,7Bovmu8zdTJjTPxZa8d3uqa8xZY=
23,17,quxaEI6ojfQfs+ZrP5SrhcKUpfY=,7Bovmu8zdTJjTPxZa8d3uqa8xZY=
20,17,quxaEI6ojfQfs+ZrP5SrhcKUpfY=,7Bovmu8zdTJjTPxZa8d3uqa8xZY=
20,18,quxaEI6ojfQfs+ZrP5SrhcKUpfY=,7Bovmu8zdTJjTPxZa8d3uqa8xZY=
29,30,26OFcoYiEcIxM6NEnLILk79nVL0=,QhoIUR7VhVQa2X3sIVePiHS111E=
17,18,26OFcoYiEcIxM6NEnLILk79nVL0=,7Bovmu8zdTJjTPxZa8d3uqa8xZY=
16,17,26OFcoYiEcIxM6NEnLILk79nVL0=,7Bovmu8zdTJjTPxZa8d3uqa8xZY=
30,30,26OFcoYiEcIxM6NEnLILk79nVL0=,QhoIUR7VhVQa2X3sIVePiHS111E=
17,16,26OFcoYiEcIxM6NEnLILk79nVL0=,7Bovmu8zdTJjTPxZa8d3uqa8xZY=
18,18,26OFcoYiEcIxM6NEnLILk79nVL0=,7Bovmu8zdTJjTPxZa8d3uqa8xZY=
19,16,quxaEI6ojfQfs+ZrP5SrhcKUpfY=,7Bovmu8zdTJjTPxZa8d3uqa8xZY=
17,17,quxaEI6ojfQfs+ZrP5SrhcKUpfY=,7Bovmu8zdTJjTPxZa8d3uqa8xZY=
16,18,26OFcoYiEcIxM6NEnLILk79nVL0=,7Bovmu8zdTJjTPxZa8d3uqa8xZY=
18,17,quxaEI6ojfQfs+ZrP5SrhcKUpfY=,7Bovmu8zdTJjTPxZa8d3uqa8xZY=
18,16,26OFcoYiEcIxM6NEnLILk79nVL0=,7Bovmu8zdTJjTPxZa8d3uqa8xZY=
19,18,quxaEI6ojfQfs+ZrP5SrhcKUpfY=,7Bovmu8zdTJjTPxZa8d3uqa8xZY=
19,17,quxaEI6ojfQfs+ZrP5SrhcKUpfY=,7Bovmu8zdTJjTPxZa8d3uqa8xZY=
16,16,26OFcoYiEcIxM6NEnLILk79nVL0=,7Bovmu8zdTJjTPxZa8d3uqa8xZY=
28,11,K7uH/CYhO4oGnoLPDGQngoxPpeU=,gz7jAQQfyOkcazV0vF2KFajL37Q=
27,12,K7uH/CYhO4oGnoLPDGQngoxPpeU=,gz7jAQQfyOkcazV0vF2KFajL37Q=
28,12,K7uH/CYhO4oGnoLPDGQngoxPpeU=,gz7jAQQfyOkcazV0vF2KFajL37Q=
27,11,K7uH/CYhO4oGnoLPDGQngoxPpeU=,gz7jAQQfyOkcazV0vF2KFajL37Q=
19,11,K7uH/CYhO4oGnoLPDGQngoxPpeU=,Ly8hFaqzGUhWkItSfzHv+Tv8ddk=
20,11,K7uH/CYhO4oGnoLPDGQngoxPpeU=,Ly8hFaqzGUhWkItSfzHv+Tv8ddk=
24,11,K7uH/CYhO4oGnoLPDGQngoxPpeU=,gz7jAQQfyOkcazV0vF2KFajL37Q=
24,12,K7uH/CYhO4oGnoLPDGQngoxPpeU=,gz7jAQQfyOkcazV0vF2KFajL37Q=
25,12,K7uH/CYhO4oGnoLPDGQngoxPpeU=,gz7jAQQfyOkcazV0vF2KFajL37Q=
26,12,K7uH/CYhO4oGnoLPDGQngoxPpeU=,gz7jAQQfyOkcazV0vF2KFajL37Q=
21,11,K7uH/CYhO4oGnoLPDGQngoxPpeU=,Ly8hFaqzGUhWkItSfzHv+Tv8ddk=
22,11,K7uH/CYhO4oGnoLPDGQngoxPpeU=,Ly8hFaqzGUhWkItSfzHv+Tv8ddk=
23,12,K7uH/CYhO4oGnoLPDGQngoxPpeU=,Ly8hFaqzGUhWkItSfzHv+Tv8ddk=
22,12,K7uH/CYhO4oGnoLPDGQngoxPpeU=,Ly8hFaqzGUhWkItSfzHv+Tv8ddk=
21,12,K7uH/CYhO4oGnoLPDGQngoxPpeU=,Ly8hFaqzGUhWkItSfzHv+Tv8ddk=
20,12,K7uH/CYhO4oGnoLPDGQngoxPpeU=,Ly8hFaqzGUhWkItSfzHv+Tv8ddk=
23,11,K7uH/CYhO4oGnoLPDGQngoxPpeU=,Ly8hFaqzGUhWkItSfzHv+Tv8ddk=
19,12,K7uH/CYhO4oGnoLPDGQngoxPpeU=,Ly8hFaqzGUhWkItSfzHv+Tv8ddk=
25,11,K7uH/CYhO4oGnoLPDGQngoxPpeU=,gz7jAQQfyOkcazV0vF2KFajL37Q=
26,11,K7uH/CYhO4oGnoLPDGQngoxPpeU=,gz7jAQQfyOkcazV0vF2KFajL37Q=
19,8,K7uH/CYhO4oGnoLPDGQngoxPpeU=,Ly8hFaqzGUhWkItSfzHv+Tv8ddk=
20,8,K7uH/CYhO4oGnoLPDGQngoxPpeU=,Ly8hFaqzGUhWkItSfzHv+Tv8ddk=
20,7,K7uH/CYhO4oGnoLPDGQngoxPpeU=,ycQu7POBeMzQaqknzSwjwGCIfRk=
20,4,K7uH/CYhO4oGnoLPDGQngoxPpeU=,ycQu7POBeMzQaqknzSwjwGCIfRk=
19,9,K7uH/CYhO4oGnoLPDGQngoxPpeU=,Ly8hFaqzGUhWkItSfzHv+Tv8ddk=
20,9,K7uH/CYhO4oGnoLPDGQngoxPpeU=,Ly8hFaqzGUhWkItSfzHv+Tv8ddk=
19,5,K7uH/CYhO4oGnoLPDGQngoxPpeU=,ycQu7POBeMzQaqknzSwjwGCIfRk=
20,5,K7uH/CYhO4oGnoLPDGQngoxPpeU=,ycQu7POBeMzQaqknzSwjwGCIfRk=
19,10,K7uH/CYhO4oGnoLPDGQngoxPpeU=,Ly8hFaqzGUhWkItSfzHv+Tv8ddk=
19,3,K7uH/CYhO4oGnoLPDGQngoxPpeU=,ycQu7POBeMzQaqknzSwjwGCIfRk=
20,3,K7uH/CYhO4oGnoLPDGQngoxPpeU=,ycQu7POBeMzQaqknzSwjwGCIfRk=
20,10,K7uH/CYhO4oGnoLPDGQngoxPpeU=,Ly8hFaqzGUhWkItSfzHv+Tv8ddk=
19,6,K7uH/CYhO4oGnoLPDGQngoxPpeU=,ycQu7POBeMzQaqknzSwjwGCIfRk=
20,6,K7uH/CYhO4oGnoLPDGQngoxPpeU=,ycQu7POBeMzQaqknzSwjwGCIfRk=
19,7,K7uH/CYhO4oGnoLPDGQngoxPpeU=,ycQu7POBeMzQaqknzSwjwGCIfRk=
19,4,K7uH/CYhO4oGnoLPDGQngoxPpeU=,ycQu7POBeMzQaqknzSwjwGCIfRk=
28,5,K7uH/CYhO4oGnoLPDGQngoxPpeU=,9kGL43uEZ607i8fBqU9O9hK+RxI=
24,8,K7uH/CYhO4oGnoLPDGQngoxPpeU=,gz7jAQQfyOkcazV0vF2KFajL37Q=
25,8,K7uH/CYhO4oGnoLPDGQngoxPpeU=,gz7jAQQfyOkcazV0vF2KFajL37Q=
28,7,K7uH/CYhO4oGnoLPDGQngoxPpeU=,9kGL43uEZ607i8fBqU9O9hK+RxI=
26,8,K7uH/CYhO4oGnoLPDGQngoxPpeU=,gz7jAQQfyOkcazV0vF2KFajL37Q=
21,8,K7uH/CYhO4oGnoLPDGQngoxPpeU=,Ly8hFaqzGUhWkItSfzHv+Tv8ddk=
27,8,K7uH/CYhO4oGnoLPDGQngoxPpeU=,gz7jAQQfyOkcazV0vF2KFajL37Q=
21,7,K7uH/CYhO4oGnoLPDGQngoxPpeU=,ycQu7POBeMzQaqknzSwjwGCIfRk=
21,4,K7uH/CYhO4oGnoLPDGQngoxPpeU=,ycQu7POBeMzQaqknzSwjwGCIfRk=
22,4,K7uH/CYhO4oGnoLPDGQngoxPpeU=,ycQu7POBeMzQaqknzSwjwGCIfRk=
28,3,K7uH/CYhO4oGnoLPDGQngoxPpeU=,9kGL43uEZ607i8fBqU9O9hK+RxI=
22,8,K7uH/CYhO4oGnoLPDGQngoxPpeU=,Ly8hFaqzGUhWkItSfzHv+Tv8ddk=
23,8,K7uH/CYhO4oGnoLPDGQngoxPpeU=,Ly8hFaqzGUhWkItSfzHv+Tv8ddk=
29,3,K7uH/CYhO4oGnoLPDGQngoxPpeU=,9kGL43uEZ607i8fBqU9O9hK+RxI=
24,6,K7uH/CYhO4oGnoLPDGQngoxPpeU=,9kGL43uEZ607i8fBqU9O9hK+RxI=
28,10,K7uH/CYhO4oGnoLPDGQngoxPpeU=,gz7jAQQfyOkcazV0vF2KFajL37Q=
30,3,K7uH/CYhO4oGnoLPDGQngoxPpeU=,9kGL43uEZ607i8fBqU9O9hK+RxI=
27,10,K7uH/CYhO4oGnoLPDGQngoxPpeU=,gz7jAQQfyOkcazV0vF2KFajL37Q=
27,7,K7uH/CYhO4oGnoLPDGQngoxPpeU=,9kGL43uEZ607i8fBqU9O9hK+RxI=
24,7,K7uH/CYhO4oGnoLPDGQngoxPpeU=,9kGL43uEZ607i8fBqU9O9hK+RxI=
26,3,K7uH/CYhO4oGnoLPDGQngoxPpeU=,9kGL43uEZ607i8fBqU9O9hK+RxI=
27,3,K7uH/CYhO4oGnoLPDGQngoxPpeU=,9kGL43uEZ607i8fBqU9O9hK+RxI=
27,5,K7uH/CYhO4oGnoLPDGQngoxPpeU=,9kGL43uEZ607i8fBqU9O9hK+RxI=
23,3,K7uH/CYhO4oGnoLPDGQngoxPpeU=,ycQu7POBeMzQaqknzSwjwGCIfRk=
23,6,K7uH/CYhO4oGnoLPDGQngoxPpeU=,ycQu7POBeMzQaqknzSwjwGCIfRk=
24,3,K7uH/CYhO4oGnoLPDGQngoxPpeU=,9kGL43uEZ607i8fBqU9O9hK+RxI=
25,5,K7uH/CYhO4oGnoLPDGQngoxPpeU=,9kGL43uEZ607i8fBqU9O9hK+RxI=
26,7,K7uH/CYhO4oGnoLPDGQngoxPpeU=,9kGL43uEZ607i8fBqU9O9hK+RxI=
22,6,K7uH/CYhO4oGnoLPDGQngoxPpeU=,ycQu7POBeMzQaqknzSwjwGCIfRk=
23,10,K7uH/CYhO4oGnoLPDGQngoxPpeU=,Ly8hFaqzGUhWkItSfzHv+Tv8ddk=
25,3,K7uH/CYhO4oGnoLPDGQngoxPpeU=,9kGL43uEZ607i8fBqU9O9hK+RxI=
24,10,K7uH/CYhO4oGnoLPDGQngoxPpeU=,gz7jAQQfyOkcazV0vF2KFajL37Q=
22,10,K7uH/CYhO4oGnoLPDGQngoxPpeU=,Ly8hFaqzGUhWkItSfzHv+Tv8ddk=
25,7,K7uH/CYhO4oGnoLPDGQngoxPpeU=,9kGL43uEZ607i8fBqU9O9hK+RxI=
21,6,K7uH/CYhO4oGnoLPDGQngoxPpeU=,ycQu7POBeMzQaqknzSwjwGCIfRk=
22,3,K7uH/CYhO4oGnoLPDGQngoxPpeU=,ycQu7POBeMzQaqknzSwjwGCIfRk=
23,9,K7uH/CYhO4oGnoLPDGQngoxPpeU=,Ly8hFaqzGUhWkItSfzHv+Tv8ddk=
21,10,K7uH/CYhO4oGnoLPDGQngoxPpeU=,Ly8hFaqzGUhWkItSfzHv+Tv8ddk=
25,10,K7uH/CYhO4oGnoLPDGQngoxPpeU=,gz7jAQQfyOkcazV0vF2KFajL37Q=
25,6,K7uH/CYhO4oGnoLPDGQngoxPpeU=,9kGL43uEZ607i8fBqU9O9hK+RxI=
28,6,K7uH/CYhO4oGnoLPDGQngoxPpeU=,9kGL43uEZ607i8fBqU9O9hK+RxI=
26,5,K7uH/CYhO4oGnoLPDGQngoxPpeU=,9kGL43uEZ607i8fBqU9O9hK+RxI=
23,5,K7uH/CYhO4oGnoLPDGQngoxPpeU=,ycQu7POBeMzQaqknzSwjwGCIfRk=
22,5,K7uH/CYhO4oGnoLPDGQngoxPpeU=,ycQu7POBeMzQaqknzSwjwGCIfRk=
26,10,K7uH/CYhO4oGnoLPDGQngoxPpeU=,gz7jAQQfyOkcazV0vF2KFajL37Q=
24,5,K7uH/CYhO4oGnoLPDGQngoxPpeU=,9kGL43uEZ607i8fBqU9O9hK+RxI=
31,4,K7uH/CYhO4oGnoLPDGQngoxPpeU=,9kGL43uEZ607i8fBqU9O9hK+RxI=
22,9,K7uH/CYhO4oGnoLPDGQngoxPpeU=,Ly8hFaqzGUhWkItSfzHv+Tv8ddk=
30,4,K7uH/CYhO4oGnoLPDGQngoxPpeU=,9kGL43uEZ607i8fBqU9O9hK+RxI=
23,7,K7uH/CYhO4oGnoLPDGQngoxPpeU=,ycQu7POBeMzQaqknzSwjwGCIfRk=
29,4,K7uH/CYhO4oGnoLPDGQngoxPpeU=,9kGL43uEZ607i8fBqU9O9hK+RxI=
27,6,K7uH/CYhO4oGnoLPDGQngoxPpeU=,9kGL43uEZ607i8fBqU9O9hK+RxI=
21,3,K7uH/CYhO4oGnoLPDGQngoxPpeU=,ycQu7POBeMzQaqknzSwjwGCIfRk=
22,7,K7uH/CYhO4oGnoLPDGQngoxPpeU=,ycQu7POBeMzQaqknzSwjwGCIfRk=
27,4,K7uH/CYhO4oGnoLPDGQngoxPpeU=,9kGL43uEZ607i8fBqU9O9hK+RxI=
28,4,K7uH/CYhO4oGnoLPDGQngoxPpeU=,9kGL43uEZ607i8fBqU9O9hK+RxI=
24,4,K7uH/CYhO4oGnoLPDGQngoxPpeU=,9kGL43uEZ607i8fBqU9O9hK+RxI=
25,9,K7uH/CYhO4oGnoLPDGQngoxPpeU=,gz7jAQQfyOkcazV0vF2KFajL37Q=
21,9,K7uH/CYhO4oGnoLPDGQngoxPpeU=,Ly8hFaqzGUhWkItSfzHv+Tv8ddk=
26,4,K7uH/CYhO4oGnoLPDGQngoxPpeU=,9kGL43uEZ607i8fBqU9O9hK+RxI=
28,8,K7uH/CYhO4oGnoLPDGQngoxPpeU=,gz7jAQQfyOkcazV0vF2KFajL37Q=
25,4,K7uH/CYhO4oGnoLPDGQngoxPpeU=,9kGL43uEZ607i8fBqU9O9hK+RxI=
31,3,K7uH/CYhO4oGnoLPDGQngoxPpeU=,9kGL43uEZ607i8fBqU9O9hK+RxI=
26,9,K7uH/CYhO4oGnoLPDGQngoxPpeU=,gz7jAQQfyOkcazV0vF2KFajL37Q=
28,9,K7uH/CYhO4oGnoLPDGQngoxPpeU=,gz7jAQQfyOkcazV0vF2KFajL37Q=
26,6,K7uH/CYhO4oGnoLPDGQngoxPpeU=,9kGL43uEZ607i8fBqU9O9hK+RxI=
27,9,K7uH/CYhO4oGnoLPDGQngoxPpeU=,gz7jAQQfyOkcazV0vF2KFajL37Q=
24,9,K7uH/CYhO4oGnoLPDGQngoxPpeU=,gz7jAQQfyOkcazV0vF2KFajL37Q=
21,5,K7uH/CYhO4oGnoLPDGQngoxPpeU=,ycQu7POBeMzQaqknzSwjwGCIfRk=
23,4,K7uH/CYhO4oGnoLPDGQngoxPpeU=,ycQu7POBeMzQaqknzSwjwGCIfRk=
16,3,zilu+tRAqyUeCBDDCIM+rTSSA60=,ycQu7POBeMzQaqknzSwjwGCIfRk=
18,4,zilu+tRAqyUeCBDDCIM+rTSSA60=,ycQu7POBeMzQaqknzSwjwGCIfRk=
18,3,zilu+tRAqyUeCBDDCIM+rTSSA60=,ycQu7POBeMzQaqknzSwjwGCIfRk=
16,4,zilu+tRAqyUeCBDDCIM+rTSSA60=,ycQu7POBeMzQaqknzSwjwGCIfRk=
19,2,zilu+tRAqyUeCBDDCIM+rTSSA60=,ycQu7POBeMzQaqknzSwjwGCIfRk=
17,4,zilu+tRAqyUeCBDDCIM+rTSSA60=,ycQu7POBeMzQaqknzSwjwGCIfRk=
17,3,zilu+tRAqyUeCBDDCIM+rTSSA60=,ycQu7POBeMzQaqknzSwjwGCIfRk=
20,0,zilu+tRAqyUeCBDDCIM+rTSSA60=,ycQu7POBeMzQaqknzSwjwGCIfRk=
19,0,zilu+tRAqyUeCBDDCIM+rTSSA60=,ycQu7POBeMzQaqknzSwjwGCIfRk=
20,1,zilu+tRAqyUeCBDDCIM+rTSSA60=,ycQu7POBeMzQaqknzSwjwGCIfRk=
20,2,zilu+tRAqyUeCBDDCIM+rTSSA60=,ycQu7POBeMzQaqknzSwjwGCIfRk=
21,2,zilu+tRAqyUeCBDDCIM+rTSSA60=,ycQu7POBeMzQaqknzSwjwGCIfRk=
19,1,zilu+tRAqyUeCBDDCIM+rTSSA60=,ycQu7POBeMzQaqknzSwjwGCIfRk=
22,2,zilu+tRAqyUeCBDDCIM+rTSSA60=,ycQu7POBeMzQaqknzSwjwGCIfRk=
23,2,zilu+tRAqyUeCBDDCIM+rTSSA60=,ycQu7POBeMzQaqknzSwjwGCIfRk=
21,1,zilu+tRAqyUeCBDDCIM+rTSSA60=,ycQu7POBeMzQaqknzSwjwGCIfRk=
22,1,zilu+tRAqyUeCBDDCIM+rTSSA60=,ycQu7POBeMzQaqknzSwjwGCIfRk=
24,0,zilu+tRAqyUeCBDDCIM+rTSSA60=,9kGL43uEZ607i8fBqU9O9hK+RxI=
21,0,zilu+tRAqyUeCBDDCIM+rTSSA60=,ycQu7POBeMzQaqknzSwjwGCIfRk=
25,0,zilu+tRAqyUeCBDDCIM+rTSSA60=,9kGL43uEZ607i8fBqU9O9hK+RxI=
26,0,zilu+tRAqyUeCBDDCIM+rTSSA60=,9kGL43uEZ607i8fBqU9O9hK+RxI=
27,2,zilu+tRAqyUeCBDDCIM+rTSSA60=,9kGL43uEZ607i8fBqU9O9hK+RxI=
27,0,zilu+tRAqyUeCBDDCIM+rTSSA60=,9kGL43uEZ607i8fBqU9O9hK+RxI=
28,2,zilu+tRAqyUeCBDDCIM+rTSSA60=,9kGL43uEZ607i8fBqU9O9hK+RxI=
28,0,zilu+tRAqyUeCBDDCIM+rTSSA60=,9kGL43uEZ607i8fBqU9O9hK+RxI=
22,0,zilu+tRAqyUeCBDDCIM+rTSSA60=,ycQu7POBeMzQaqknzSwjwGCIfRk=
24,1,zilu+tRAqyUeCBDDCIM+rTSSA60=,9kGL43uEZ607i8fBqU9O9hK+RxI=
26,2,zilu+tRAqyUeCBDDCIM+rTSSA60=,9kGL43uEZ607i8fBqU9O9hK+RxI=
23,0,zilu+tRAqyUeCBDDCIM+rTSSA60=,ycQu7POBeMzQaqknzSwjwGCIfRk=
25,1,zilu+tRAqyUeCBDDCIM+rTSSA60=,9kGL43uEZ607i8fBqU9O9hK+RxI=
26,1,zilu+tRAqyUeCBDDCIM+rTSSA60=,9kGL43uEZ607i8fBqU9O9hK+RxI=
29,5,K7uH/CYhO4oGnoLPDGQngoxPpeU=,9kGL43uEZ607i8fBqU9O9hK+RxI=
30,10,K7uH/CYhO4oGnoLPDGQngoxPpeU=,gz7jAQQfyOkcazV0vF2KFajL37Q=
29,10,K7uH/CYhO4oGnoLPDGQngoxPpeU=,gz7jAQQfyOkcazV0vF2KFajL37Q=
24,2,zilu+tRAqyUeCBDDCIM+rTSSA60=,9kGL43uEZ607i8fBqU9O9hK+RxI=
28,1,zilu+tRAqyUeCBDDCIM+rTSSA60=,9kGL43uEZ607i8fBqU9O9hK+RxI=
31,10,K7uH/CYhO4oGnoLPDGQngoxPpeU=,gz7jAQQfyOkcazV0vF2KFajL37Q=
29,11,K7uH/CYhO4oGnoLPDGQngoxPpeU=,gz7jAQQfyOkcazV0vF2KFajL37Q=
30,11,K7uH/CYhO4oGnoLPDGQngoxPpeU=,gz7jAQQfyOkcazV0vF2KFajL37Q=
31,11,K7uH/CYhO4oGnoLPDGQngoxPpeU=,gz7jAQQfyOkcazV0vF2KFajL37Q=
25,2,zilu+tRAqyUeCBDDCIM+rTSSA60=,9kGL43uEZ607i8fBqU9O9hK+RxI=
31,7,K7uH/CYhO4oGnoLPDGQngoxPpeU=,9kGL43uEZ607i8fBqU9O9hK+RxI=
31,9,K7uH/CYhO4oGnoLPDGQngoxPpeU=,gz7jAQQfyOkcazV0vF2KFajL37Q=
31,6,K7uH/CYhO4oGnoLPDGQngoxPpeU=,9kGL43uEZ607i8fBqU9O9hK+RxI=
30,5,K7uH/CYhO4oGnoLPDGQngoxPpeU=,9kGL43uEZ607i8fBqU9O9hK+RxI=
23,1,zilu+tRAqyUeCBDDCIM+rTSSA60=,ycQu7POBeMzQaqknzSwjwGCIfRk=
27,13,K7uH/CYhO4oGnoLPDGQngoxPpeU=,gz7jAQQfyOkcazV0vF2KFajL37Q=
28,13,K7uH/CYhO4oGnoLPDGQngoxPpeU=,gz7jAQQfyOkcazV0vF2KFajL37Q=
27,14,K7uH/CYhO4oGnoLPDGQngoxPpeU=,gz7jAQQfyOkcazV0vF2KFajL37Q=
28,14,K7uH/CYhO4oGnoLPDGQngoxPpeU=,gz7jAQQfyOkcazV0vF2KFajL37Q=
27,15,K7uH/CYhO4oGnoLPDGQngoxPpeU=,gz7jAQQfyOkcazV0vF2KFajL37Q=
28,15,K7uH/CYhO4oGnoLPDGQngoxPpeU=,gz7jAQQfyOkcazV0vF2KFajL37Q=
30,6,K7uH/CYhO4oGnoLPDGQngoxPpeU=,9kGL43uEZ607i8fBqU9O9hK+RxI=
27,1,zilu+tRAqyUeCBDDCIM+rTSSA60=,9kGL43uEZ607i8fBqU9O9hK+RxI=
31,5,K7uH/CYhO4oGnoLPDGQngoxPpeU=,9kGL43uEZ607i8fBqU9O9hK+RxI=
29,12,K7uH/CYhO4oGnoLPDGQngoxPpeU=,gz7jAQQfyOkcazV0vF2KFajL37Q=
30,12,K7uH/CYhO4oGnoLPDGQngoxPpeU=,gz7jAQQfyOkcazV0vF2KFajL37Q=
31,12,K7uH/CYhO4oGnoLPDGQngoxPpeU=,gz7jAQQfyOkcazV0vF2KFajL37Q=
30,9,K7uH/CYhO4oGnoLPDGQngoxPpeU=,gz7jAQQfyOkcazV0vF2KFajL37Q=
29,6,K7uH/CYhO4oGnoLPDGQngoxPpeU=,9kGL43uEZ607i8fBqU9O9hK+RxI=
29,8,K7uH/CYhO4oGnoLPDGQngoxPpeU=,gz7jAQQfyOkcazV0vF2KFajL37Q=
29,7,K7uH/CYhO4oGnoLPDGQngoxPpeU=,9kGL43uEZ607i8fBqU9O9hK+RxI=
30,7,K7uH/CYhO4oGnoLPDGQngoxPpeU=,9kGL43uEZ607i8fBqU9O9hK+RxI=
29,9,K7uH/CYhO4oGnoLPDGQngoxPpeU=,gz7jAQQfyOkcazV0vF2KFajL37Q=
30,8,K7uH/CYhO4oGnoLPDGQngoxPpeU=,gz7jAQQfyOkcazV0vF2KFajL37Q=
31,8,K7uH/CYhO4oGnoLPDGQngoxPpeU=,gz7jAQQfyOkcazV0vF2KFajL37Q=
22,15,K7uH/CYhO4oGnoLPDGQngoxPpeU=,Ly8hFaqzGUhWkItSfzHv+Tv8ddk=
23,15,K7uH/CYhO4oGnoLPDGQngoxPpeU=,Ly8hFaqzGUhWkItSfzHv+Tv8ddk=
24,13,K7uH/CYhO4oGnoLPDGQngoxPpeU=,gz7jAQQfyOkcazV0vF2KFajL37Q=
25,13,K7uH/CYhO4oGnoLPDGQngoxPpeU=,gz7jAQQfyOkcazV0vF2KFajL37Q=
26,13,K7uH/CYhO4oGnoLPDGQngoxPpeU=,gz7jAQQfyOkcazV0vF2KFajL37Q=
24,14,K7uH/CYhO4oGnoLPDGQngoxPpeU=,gz7jAQQfyOkcazV0vF2KFajL37Q=
25,14,K7uH/CYhO4oGnoLPDGQngoxPpeU=,gz7jAQQfyOkcazV0vF2KFajL37Q=
26,14,K7uH/CYhO4oGnoLPDGQngoxPpeU=,gz7jAQQfyOkcazV0vF2KFajL37Q=
24,15,K7uH/CYhO4oGnoLPDGQngoxPpeU=,gz7jAQQfyOkcazV0vF2KFajL37Q=
25,15,K7uH/CYhO4oGnoLPDGQngoxPpeU=,gz7jAQQfyOkcazV0vF2KFajL37Q=
26,15,K7uH/CYhO4oGnoLPDGQngoxPpeU=,gz7jAQQfyOkcazV0vF2KFajL37Q=
19,13,K7uH/CYhO4oGnoLPDGQngoxPpeU=,Ly8hFaqzGUhWkItSfzHv+Tv8ddk=
19,15,K7uH/CYhO4oGnoLPDGQngoxPpeU=,Ly8hFaqzGUhWkItSfzHv+Tv8ddk=
20,13,K7uH/CYhO4oGnoLPDGQngoxPpeU=,Ly8hFaqzGUhWkItSfzHv+Tv8ddk=
21,13,K7uH/CYhO4oGnoLPDGQngoxPpeU=,Ly8hFaqzGUhWkItSfzHv+Tv8ddk=
22,13,K7uH/CYhO4oGnoLPDGQngoxPpeU=,Ly8hFaqzGUhWkItSfzHv+Tv8ddk=
23,13,K7uH/CYhO4oGnoLPDGQngoxPpeU=,Ly8hFaqzGUhWkItSfzHv+Tv8ddk=
20,15,K7uH/CYhO4oGnoLPDGQngoxPpeU=,Ly8hFaqzGUhWkItSfzHv+Tv8ddk=
21,15,K7uH/CYhO4oGnoLPDGQngoxPpeU=,Ly8hFaqzGUhWkItSfzHv+Tv8ddk=
29,0,zilu+tRAqyUeCBDDCIM+rTSSA60=,9kGL43uEZ607i8fBqU9O9hK+RxI=
19,14,K7uH/CYhO4oGnoLPDGQngoxPpeU=,Ly8hFaqzGUhWkItSfzHv+Tv8ddk=
20,14,K7uH/CYhO4oGnoLPDGQngoxPpeU=,Ly8hFaqzGUhWkItSfzHv+Tv8ddk=
21,14,K7uH/CYhO4oGnoLPDGQngoxPpeU=,Ly8hFaqzGUhWkItSfzHv+Tv8ddk=
22,14,K7uH/CYhO4oGnoLPDGQngoxPpeU=,Ly8hFaqzGUhWkItSfzHv+Tv8ddk=
23,14,K7uH/CYhO4oGnoLPDGQngoxPpeU=,Ly8hFaqzGUhWkItSfzHv+Tv8ddk=
30,0,zilu+tRAqyUeCBDDCIM+rTSSA60=,9kGL43uEZ607i8fBqU9O9hK+RxI=
31,0,zilu+tRAqyUeCBDDCIM+rTSSA60=,9kGL43uEZ607i8fBqU9O9hK+RxI=
29,1,zilu+tRAqyUeCBDDCIM+rTSSA60=,9kGL43uEZ607i8fBqU9O9hK+RxI=
30,1,zilu+tRAqyUeCBDDCIM+rTSSA60=,9kGL43uEZ607i8fBqU9O9hK+RxI=
31,1,zilu+tRAqyUeCBDDCIM+rTSSA60=,9kGL43uEZ607i8fBqU9O9hK+RxI=
29,2,zilu+tRAqyUeCBDDCIM+rTSSA60=,9kGL43uEZ607i8fBqU9O9hK+RxI=
30,2,zilu+tRAqyUeCBDDCIM+rTSSA60=,9kGL43uEZ607i8fBqU9O9hK+RxI=
18,2,zilu+tRAqyUeCBDDCIM+rTSSA60=,ycQu7POBeMzQaqknzSwjwGCIfRk=
31,2,zilu+tRAqyUeCBDDCIM+rTSSA60=,9kGL43uEZ607i8fBqU9O9hK+RxI=
29,13,zilu+tRAqyUeCBDDCIM+rTSSA60=,gz7jAQQfyOkcazV0vF2KFajL37Q=
30,13,zilu+tRAqyUeCBDDCIM+rTSSA60=,gz7jAQQfyOkcazV0vF2KFajL37Q=
31,13,zilu+tRAqyUeCBDDCIM+rTSSA60=,gz7jAQQfyOkcazV0vF2KFajL37Q=
29,14,zilu+tRAqyUeCBDDCIM+rTSSA60=,gz7jAQQfyOkcazV0vF2KFajL37Q=
30,14,zilu+tRAqyUeCBDDCIM+rTSSA60=,gz7jAQQfyOkcazV0vF2KFajL37Q=
31,14,zilu+tRAqyUeCBDDCIM+rTSSA60=,gz7jAQQfyOkcazV0vF2KFajL37Q=
29,15,zilu+tRAqyUeCBDDCIM+rTSSA60=,gz7jAQQfyOkcazV0vF2KFajL37Q=
30,15,zilu+tRAqyUeCBDDCIM+rTSSA60=,gz7jAQQfyOkcazV0vF2KFajL37Q=
31,15,zilu+tRAqyUeCBDDCIM+rTSSA60=,gz7jAQQfyOkcazV0vF2KFajL37Q=
17,1,zilu+tRAqyUeCBDDCIM+rTSSA60=,ycQu7POBeMzQaqknzSwjwGCIfRk=
18,1,zilu+tRAqyUeCBDDCIM+rTSSA60=,ycQu7POBeMzQaqknzSwjwGCIfRk=
17,2,zilu+tRAqyUeCBDDCIM+rTSSA60=,ycQu7POBeMzQaqknzSwjwGCIfRk=
16,2,zilu+tRAqyUeCBDDCIM+rTSSA60=,ycQu7POBeMzQaqknzSwjwGCIfRk=
18,8,zilu+tRAqyUeCBDDCIM+rTSSA60=,Ly8hFaqzGUhWkItSfzHv+Tv8ddk=
17,11,zilu+tRAqyUeCBDDCIM+rTSSA60=,Ly8hFaqzGUhWkItSfzHv+Tv8ddk=
17,7,K7uH/CYhO4oGnoLPDGQngoxPpeU=,ycQu7POBeMzQaqknzSwjwGCIfRk=
16,11,K7uH/CYhO4oGnoLPDGQngoxPpeU=,Ly8hFaqzGUhWkItSfzHv+Tv8ddk=
16,7,zilu+tRAqyUeCBDDCIM+rTSSA60=,ycQu7POBeMzQaqknzSwjwGCIfRk=
18,7,K7uH/CYhO4oGnoLPDGQngoxPpeU=,ycQu7POBeMzQaqknzSwjwGCIfRk=
16,6,K7uH/CYhO4oGnoLPDGQngoxPpeU=,ycQu7POBeMzQaqknzSwjwGCIfRk=
16,1,zilu+tRAqyUeCBDDCIM+rTSSA60=,ycQu7POBeMzQaqknzSwjwGCIfRk=
16,0,zilu+tRAqyUeCBDDCIM+rTSSA60=,ycQu7POBeMzQaqknzSwjwGCIfRk=
18,6,zilu+tRAqyUeCBDDCIM+rTSSA60=,ycQu7POBeMzQaqknzSwjwGCIfRk=
18,11,zilu+tRAqyUeCBDDCIM+rTSSA60=,Ly8hFaqzGUhWkItSfzHv+Tv8ddk=
17,8,zilu+tRAqyUeCBDDCIM+rTSSA60=,Ly8hFaqzGUhWkItSfzHv+Tv8ddk=
17,6,K7uH/CYhO4oGnoLPDGQngoxPpeU=,ycQu7POBeMzQaqknzSwjwGCIfRk=
18,0,zilu+tRAqyUeCBDDCIM+rTSSA60=,ycQu7POBeMzQaqknzSwjwGCIfRk=
16,10,zilu+tRAqyUeCBDDCIM+rTSSA60=,Ly8hFaqzGUhWkItSfzHv+Tv8ddk=
17,10,zilu+tRAqyUeCBDDCIM+rTSSA60=,Ly8hFaqzGUhWkItSfzHv+Tv8ddk=
17,0,zilu+tRAqyUeCBDDCIM+rTSSA60=,ycQu7POBeMzQaqknzSwjwGCIfRk=
18,10,zilu+tRAqyUeCBDDCIM+rTSSA60=,Ly8hFaqzGUhWkItSfzHv+Tv8ddk=
18,14,zilu+tRAqyUeCBDDCIM+rTSSA60=,Ly8hFaqzGUhWkItSfzHv+Tv8ddk=
16,8,zilu+tRAqyUeCBDDCIM+rTSSA60=,Ly8hFaqzGUhWkItSfzHv+Tv8ddk=
16,14,zilu+tRAqyUeCBDDCIM+rTSSA60=,Ly8hFaqzGUhWkItSfzHv+Tv8ddk=
16,12,K7uH/CYhO4oGnoLPDGQngoxPpeU=,Ly8hFaqzGUhWkItSfzHv+Tv8ddk=
18,5,zilu+tRAqyUeCBDDCIM+rTSSA60=,ycQu7POBeMzQaqknzSwjwGCIfRk=
17,13,K7uH/CYhO4oGnoLPDGQngoxPpeU=,Ly8hFaqzGUhWkItSfzHv+Tv8ddk=
18,12,K7uH/CYhO4oGnoLPDGQngoxPpeU=,Ly8hFaqzGUhWkItSfzHv+Tv8ddk=
17,12,K7uH/CYhO4oGnoLPDGQngoxPpeU=,Ly8hFaqzGUhWkItSfzHv+Tv8ddk=
17,9,zilu+tRAqyUeCBDDCIM+rTSSA60=,Ly8hFaqzGUhWkItSfzHv+Tv8ddk=
18,9,zilu+tRAqyUeCBDDCIM+rTSSA60=,Ly8hFaqzGUhWkItSfzHv+Tv8ddk=
16,5,zilu+tRAqyUeCBDDCIM+rTSSA60=,ycQu7POBeMzQaqknzSwjwGCIfRk=
17,14,zilu+tRAqyUeCBDDCIM+rTSSA60=,Ly8hFaqzGUhWkItSfzHv+Tv8ddk=
16,13,K7uH/CYhO4oGnoLPDGQngoxPpeU=,Ly8hFaqzGUhWkItSfzHv+Tv8ddk=
18,15,zilu+tRAqyUeCBDDCIM+rTSSA60=,Ly8hFaqzGUhWkItSfzHv+Tv8ddk=
17,5,zilu+tRAqyUeCBDDCIM+rTSSA60=,ycQu7POBeMzQaqknzSwjwGCIfRk=
17,15,zilu+tRAqyUeCBDDCIM+rTSSA60=,Ly8hFaqzGUhWkItSfzHv+Tv8ddk=
16,15,zilu+tRAqyUeCBDDCIM+rTSSA60=,Ly8hFaqzGUhWkItSfzHv+Tv8ddk=
16,9,zilu+tRAqyUeCBDDCIM+rTSSA60=,Ly8hFaqzGUhWkItSfzHv+Tv8ddk=
18,13,zilu+tRAqyUeCBDDCIM+rTSSA60=,Ly8hFaqzGUhWkItSfzHv+Tv8ddk=
