-38,-77,ANKDoI2hAAaKHZ3vDEIX41zzgjM=,mJP9aaIYfRnflAWgm6hqH1m1SOg=
-37,-77,ANKDoI2hAAaKHZ3vDEIX41zzgjM=,mJP9aaIYfRnflAWgm6hqH1m1SOg=
-36,-77,ANKDoI2hAAaKHZ3vDEIX41zzgjM=,mJP9aaIYfRnflAWgm6hqH1m1SOg=
-35,-77,ANKDoI2hAAaKHZ3vDEIX41zzgjM=,mJP9aaIYfRnflAWgm6hqH1m1SOg=
-36,-78,ANKDoI2hAAaKHZ3vDEIX41zzgjM=,mJP9aaIYfRnflAWgm6hqH1m1SOg=
-40,-80,ANKDoI2hAAaKHZ3vDEIX41zzgjM=,mJP9aaIYfRnflAWgm6hqH1m1SOg=
-39,-80,ANKDoI2hAAaKHZ3vDEIX41zzgjM=,mJP9aaIYfRnflAWgm6hqH1m1SOg=
-38,-80,ANKDoI2hAAaKHZ3vDEIX41zzgjM=,mJP9aaIYfRnflAWgm6hqH1m1SOg=
-37,-80,ANKDoI2hAAaKHZ3vDEIX41zzgjM=,mJP9aaIYfRnflAWgm6hqH1m1SOg=
-36,-80,ANKDoI2hAAaKHZ3vDEIX41zzgjM=,mJP9aaIYfRnflAWgm6hqH1m1SOg=
-34,-77,ANKDoI2hAAaKHZ3vDEIX41zzgjM=,mJP9aaIYfRnflAWgm6hqH1m1SOg=
-33,-77,ANKDoI2hAAaKHZ3vDEIX41zzgjM=,mJP9aaIYfRnflAWgm6hqH1m1SOg=
-40,-76,ANKDoI2hAAaKHZ3vDEIX41zzgjM=,mJP9aaIYfRnflAWgm6hqH1m1SOg=
-40,-79,ANKDoI2hAAaKHZ3vDEIX41zzgjM=,mJP9aaIYfRnflAWgm6hqH1m1SOg=
-39,-76,ANKDoI2hAAaKHZ3vDEIX41zzgjM=,mJP9aaIYfRnflAWgm6hqH1m1SOg=
-39,-79,ANKDoI2hAAaKHZ3vDEIX41zzgjM=,mJP9aaIYfRnflAWgm6hqH1m1SOg=
-38,-79,ANKDoI2hAAaKHZ3vDEIX41zzgjM=,mJP9aaIYfRnflAWgm6hqH1m1SOg=
-38,-76,ANKDoI2hAAaKHZ3vDEIX41zzgjM=,mJP9aaIYfRnflAWgm6hqH1m1SOg=
-37,-76,ANKDoI2hAAaKHZ3vDEIX41zzgjM=,mJP9aaIYfRnflAWgm6hqH1m1SOg=
-40,-77,ANKDoI2hAAaKHZ3vDEIX41zzgjM=,mJP9aaIYfRnflAWgm6hqH1m1SOg=
-36,-76,ANKDoI2hAAaKHZ3vDEIX41zzgjM=,mJP9aaIYfRnflAWgm6hqH1m1SOg=
-37,-79,ANKDoI2hAAaKHZ3vDEIX41zzgjM=,mJP9aaIYfRnflAWgm6hqH1m1SOg=
-39,-77,ANKDoI2hAAaKHZ3vDEIX41zzgjM=,mJP9aaIYfRnflAWgm6hqH1m1SOg=
-36,-79,ANKDoI2hAAaKHZ3vDEIX41zzgjM=,mJP9aaIYfRnflAWgm6hqH1m1SOg=
-35,-76,ANKDoI2hAAaKHZ3vDEIX41zzgjM=,mJP9aaIYfRnflAWgm6hqH1m1SOg=
-34,-76,ANKDoI2hAAaKHZ3vDEIX41zzgjM=,mJP9aaIYfRnflAWgm6hqH1m1SOg=
-33,-76,ANKDoI2hAAaKHZ3vDEIX41zzgjM=,mJP9aaIYfRnflAWgm6hqH1m1SOg=
-40,-78,ANKDoI2hAAaKHZ3vDEIX41zzgjM=,mJP9aaIYfRnflAWgm6hqH1m1SOg=
-39,-78,ANKDoI2hAAaKHZ3vDEIX41zzgjM=,mJP9aaIYfRnflAWgm6hqH1m1SOg=
-38,-78,ANKDoI2hAAaKHZ3vDEIX41zzgjM=,mJP9aaIYfRnflAWgm6hqH1m1SOg=
-35,-78,ANKDoI2hAAaKHZ3vDEIX41zzgjM=,mJP9aaIYfRnflAWgm6hqH1m1SOg=
-34,-78,ANKDoI2hAAaKHZ3vDEIX41zzgjM=,mJP9aaIYfRnflAWgm6hqH1m1SOg=
-33,-78,ANKDoI2hAAaKHZ3vDEIX41zzgjM=,mJP9aaIYfRnflAWgm6hqH1m1SOg=
-35,-80,ANKDoI2hAAaKHZ3vDEIX41zzgjM=,mJP9aaIYfRnflAWgm6hqH1m1SOg=
-34,-80,ANKDoI2hAAaKHZ3vDEIX41zzgjM=,mJP9aaIYfRnflAWgm6hqH1m1SOg=
-33,-80,ANKDoI2hAAaKHZ3vDEIX41zzgjM=,mJP9aaIYfRnflAWgm6hqH1m1SOg=
-35,-79,ANKDoI2hAAaKHZ3vDEIX41zzgjM=,mJP9aaIYfRnflAWgm6hqH1m1SOg=
-34,-79,ANKDoI2hAAaKHZ3vDEIX41zzgjM=,mJP9aaIYfRnflAWgm6hqH1m1SOg=
-33,-79,ANKDoI2hAAaKHZ3vDEIX41zzgjM=,mJP9aaIYfRnflAWgm6hqH1m1SOg=
-37,-78,ANKDoI2hAAaKHZ3vDEIX41zzgjM=,mJP9aaIYfRnflAWgm6hqH1m1SOg=
-40,-74,nD0N4Gk2Il1lQ4vprNuSbJ9l0b4=,mJP9aaIYfRnflAWgm6hqH1m1SOg=
-39,-74,nD0N4Gk2Il1lQ4vprNuSbJ9l0b4=,mJP9aaIYfRnflAWgm6hqH1m1SOg=
-39,-68,nD0N4Gk2Il1lQ4vprNuSbJ9l0b4=,vCPNTgQERjHsDRtOIBGw3NBHHJA=
-40,-68,nD0N4Gk2Il1lQ4vprNuSbJ9l0b4=,vCPNTgQERjHsDRtOIBGw3NBHHJA=
-40,-73,nD0N4Gk2Il1lQ4vprNuSbJ9l0b4=,mJP9aaIYfRnflAWgm6hqH1m1SOg=
-38,-69,nD0N4Gk2Il1lQ4vprNuSbJ9l0b4=,vCPNTgQERjHsDRtOIBGw3NBHHJA=
-38,-70,nD0N4Gk2Il1lQ4vprNuSbJ9l0b4=,vCPNTgQERjHsDRtOIBGw3NBHHJA=
-36,-75,nD0N4Gk2Il1lQ4vprNuSbJ9l0b4=,mJP9aaIYfRnflAWgm6hqH1m1SOg=
-37,-75,nD0N4Gk2Il1lQ4vprNuSbJ9l0b4=,mJP9aaIYfRnflAWgm6hqH1m1SOg=
-38,-75,nD0N4Gk2Il1lQ4vprNuSbJ9l0b4=,mJP9aaIYfRnflAWgm6hqH1m1SOg=
-39,-75,nD0N4Gk2Il1lQ4vprNuSbJ9l0b4=,mJP9aaIYfRnflAWgm6hqH1m1SOg=
-40,-75,nD0N4Gk2Il1lQ4vprNuSbJ9l0b4=,mJP9aaIYfRnflAWgm6hqH1m1SOg=
-33,-67,nD0N4Gk2Il1lQ4vprNuSbJ9l0b4=,vCPNTgQERjHsDRtOIBGw3NBHHJA=
-38,-68,nD0N4Gk2Il1lQ4vprNuSbJ9l0b4=,vCPNTgQERjHsDRtOIBGw3NBHHJA=
-39,-70,nD0N4Gk2Il1lQ4vprNuSbJ9l0b4=,vCPNTgQERjHsDRtOIBGw3NBHHJA=
-34,-75,nD0N4Gk2Il1lQ4vprNuSbJ9l0b4=,mJP9aaIYfRnflAWgm6hqH1m1SOg=
-37,-68,nD0N4Gk2Il1lQ4vprNuSbJ9l0b4=,vCPNTgQERjHsDRtOIBGw3NBHHJA=
-35,-75,nD0N4Gk2Il1lQ4vprNuSbJ9l0b4=,mJP9aaIYfRnflAWgm6hqH1m1SOg=
-40,-70,nD0N4Gk2Il1lQ4vprNuSbJ9l0b4=,vCPNTgQERjHsDRtOIBGw3NBHHJA=
-33,-65,nD0N4Gk2Il1lQ4vprNuSbJ9l0b4=,vCPNTgQERjHsDRtOIBGw3NBHHJA=
-37,-65,nD0N4Gk2Il1lQ4vprNuSbJ9l0b4=,vCPNTgQERjHsDRtOIBGw3NBHHJA=
-34,-67,nD0N4Gk2Il1lQ4vprNuSbJ9l0b4=,vCPNTgQERjHsDRtOIBGw3NBHHJA=
-39,-65,nD0N4Gk2Il1lQ4vprNuSbJ9l0b4=,vCPNTgQERjHsDRtOIBGw3NBHHJA=
-40,-65,nD0N4Gk2Il1lQ4vprNuSbJ9l0b4=,vCPNTgQERjHsDRtOIBGw3NBHHJA=
-33,-75,nD0N4Gk2Il1lQ4vprNuSbJ9l0b4=,mJP9aaIYfRnflAWgm6hqH1m1SOg=
-35,-67,nD0N4Gk2Il1lQ4vprNuSbJ9l0b4=,vCPNTgQERjHsDRtOIBGw3NBHHJA=
-35,-65,nD0N4Gk2Il1lQ4vprNuSbJ9l0b4=,vCPNTgQERjHsDRtOIBGw3NBHHJA=
-38,-74,nD0N4Gk2Il1lQ4vprNuSbJ9l0b4=,mJP9aaIYfRnflAWgm6hqH1m1SOg=
-35,-66,nD0N4Gk2Il1lQ4vprNuSbJ9l0b4=,vCPNTgQERjHsDRtOIBGw3NBHHJA=
-38,-67,nD0N4Gk2Il1lQ4vprNuSbJ9l0b4=,vCPNTgQERjHsDRtOIBGw3NBHHJA=
-34,-65,nD0N4Gk2Il1lQ4vprNuSbJ9l0b4=,vCPNTgQERjHsDRtOIBGw3NBHHJA=
-38,-65,nD0N4Gk2Il1lQ4vprNuSbJ9l0b4=,vCPNTgQERjHsDRtOIBGw3NBHHJA=
-37,-70,nD0N4Gk2Il1lQ4vprNuSbJ9l0b4=,vCPNTgQERjHsDRtOIBGw3NBHHJA=
-40,-71,nD0N4Gk2Il1lQ4vprNuSbJ9l0b4=,vCPNTgQERjHsDRtOIBGw3NBHHJA=
-39,-67,nD0N4Gk2Il1lQ4vprNuSbJ9l0b4=,vCPNTgQERjHsDRtOIBGw3NBHHJA=
-34,-74,nD0N4Gk2Il1lQ4vprNuSbJ9l0b4=,mJP9aaIYfRnflAWgm6hqH1m1SOg=
-40,-67,nD0N4Gk2Il1lQ4vprNuSbJ9l0b4=,vCPNTgQERjHsDRtOIBGw3NBHHJA=
-39,-69,nD0N4Gk2Il1lQ4vprNuSbJ9l0b4=,vCPNTgQERjHsDRtOIBGw3NBHHJA=
-34,-69,nD0N4Gk2Il1lQ4vprNuSbJ9l0b4=,vCPNTgQERjHsDRtOIBGw3NBHHJA=
-36,-67,nD0N4Gk2Il1lQ4vprNuSbJ9l0b4=,vCPNTgQERjHsDRtOIBGw3NBHHJA=
-33,-69,nD0N4Gk2Il1lQ4vprNuSbJ9l0b4=,vCPNTgQERjHsDRtOIBGw3NBHHJA=
-37,-74,nD0N4Gk2Il1lQ4vprNuSbJ9l0b4=,mJP9aaIYfRnflAWgm6hqH1m1SOg=
-37,-67,nD0N4Gk2Il1lQ4vprNuSbJ9l0b4=,vCPNTgQERjHsDRtOIBGw3NBHHJA=
-36,-74,nD0N4Gk2Il1lQ4vprNuSbJ9l0b4=,mJP9aaIYfRnflAWgm6hqH1m1SOg=
-40,-69,nD0N4Gk2Il1lQ4vprNuSbJ9l0b4=,vCPNTgQERjHsDRtOIBGw3NBHHJA=
-35,-74,nD0N4Gk2Il1lQ4vprNuSbJ9l0b4=,mJP9aaIYfRnflAWgm6hqH1m1SOg=
-33,-74,nD0N4Gk2Il1lQ4vprNuSbJ9l0b4=,mJP9aaIYfRnflAWgm6hqH1m1SOg=
-33,-66,nD0N4Gk2Il1lQ4vprNuSbJ9l0b4=,vCPNTgQERjHsDRtOIBGw3NBHHJA=
-33,-71,nD0N4Gk2Il1lQ4vprNuSbJ9l0b4=,vCPNTgQERjHsDRtOIBGw3NBHHJA=
-36,-65,nD0N4Gk2Il1lQ4vprNuSbJ9l0b4=,vCPNTgQERjHsDRtOIBGw3NBHHJA=
-34,-71,nD0N4Gk2Il1lQ4vprNuSbJ9l0b4=,vCPNTgQERjHsDRtOIBGw3NBHHJA=
-36,-69,nD0N4Gk2Il1lQ4vprNuSbJ9l0b4=,vCPNTgQERjHsDRtOIBGw3NBHHJA=
-38,-66,nD0N4Gk2Il1lQ4vprNuSbJ9l0b4=,vCPNTgQERjHsDRtOIBGw3NBHHJA=
-33,-68,nD0N4Gk2Il1lQ4vprNuSbJ9l0b4=,vCPNTgQERjHsDRtOIBGw3NBHHJA=
-39,-66,nD0N4Gk2Il1lQ4vprNuSbJ9l0b4=,vCPNTgQERjHsDRtOIBGw3NBHHJA=
-35,-69,nD0N4Gk2Il1lQ4vprNuSbJ9l0b4=,vCPNTgQERjHsDRtOIBGw3NBHHJA=
-35,-71,nD0N4Gk2Il1lQ4vprNuSbJ9l0b4=,vCPNTgQERjHsDRtOIBGw3NBHHJA=
-34,-68,nD0N4Gk2Il1lQ4vprNuSbJ9l0b4=,vCPNTgQERjHsDRtOIBGw3NBHHJA=
-33,-72,nD0N4Gk2Il1lQ4vprNuSbJ9l0b4=,vCPNTgQERjHsDRtOIBGw3NBHHJA=
-38,-73,nD0N4Gk2Il1lQ4vprNuSbJ9l0b4=,mJP9aaIYfRnflAWgm6hqH1m1SOg=
-39,-73,nD0N4Gk2Il1lQ4vprNuSbJ9l0b4=,mJP9aaIYfRnflAWgm6hqH1m1SOg=
-36,-66,nD0N4Gk2Il1lQ4vprNuSbJ9l0b4=,vCPNTgQERjHsDRtOIBGw3NBHHJA=
-40,-72,nD0N4Gk2Il1lQ4vprNuSbJ9l0b4=,vCPNTgQERjHsDRtOIBGw3NBHHJA=
-39,-72,nD0N4Gk2Il1lQ4vprNuSbJ9l0b4=,vCPNTgQERjHsDRtOIBGw3NBHHJA=
-39,-71,nD0N4Gk2Il1lQ4vprNuSbJ9l0b4=,vCPNTgQERjHsDRtOIBGw3NBHHJA=
-40,-66,nD0N4Gk2Il1lQ4vprNuSbJ9l0b4=,vCPNTgQERjHsDRtOIBGw3NBHHJA=
-38,-72,nD0N4Gk2Il1lQ4vprNuSbJ9l0b4=,vCPNTgQERjHsDRtOIBGw3NBHHJA=
-35,-72,nD0N4Gk2Il1lQ4vprNuSbJ9l0b4=,vCPNTgQERjHsDRtOIBGw3NBHHJA=
-36,-71,nD0N4Gk2Il1lQ4vprNuSbJ9l0b4=,vCPNTgQERjHsDRtOIBGw3NBHHJA=
-34,-72,nD0N4Gk2Il1lQ4vprNuSbJ9l0b4=,vCPNTgQERjHsDRtOIBGw3NBHHJA=
-34,-66,nD0N4Gk2Il1lQ4vprNuSbJ9l0b4=,vCPNTgQERjHsDRtOIBGw3NBHHJA=
-37,-72,nD0N4Gk2Il1lQ4vprNuSbJ9l0b4=,vCPNTgQERjHsDRtOIBGw3NBHHJA=
-33,-70,nD0N4Gk2Il1lQ4vprNuSbJ9l0b4=,vCPNTgQERjHsDRtOIBGw3NBHHJA=
-36,-72,nD0N4Gk2Il1lQ4vprNuSbJ9l0b4=,vCPNTgQERjHsDRtOIBGw3NBHHJA=
-33,-73,nD0N4Gk2Il1lQ4vprNuSbJ9l0b4=,mJP9aaIYfRnflAWgm6hqH1m1SOg=
-38,-71,nD0N4Gk2Il1lQ4vprNuSbJ9l0b4=,vCPNTgQERjHsDRtOIBGw3NBHHJA=
-34,-70,nD0N4Gk2Il1lQ4vprNuSbJ9l0b4=,vCPNTgQERjHsDRtOIBGw3NBHHJA=
-35,-73,nD0N4Gk2Il1lQ4vprNuSbJ9l0b4=,mJP9aaIYfRnflAWgm6hqH1m1SOg=
-34,-73,nD0N4Gk2Il1lQ4vprNuSbJ9l0b4=,mJP9aaIYfRnflAWgm6hqH1m1SOg=
-37,-73,nD0N4Gk2Il1lQ4vprNuSbJ9l0b4=,mJP9aaIYfRnflAWgm6hqH1m1SOg=
-36,-70,nD0N4Gk2Il1lQ4vprNuSbJ9l0b4=,vCPNTgQERjHsDRtOIBGw3NBHHJA=
-36,-73,nD0N4Gk2Il1lQ4vprNuSbJ9l0b4=,mJP9aaIYfRnflAWgm6hqH1m1SOg=
-35,-68,nD0N4Gk2Il1lQ4vprNuSbJ9l0b4=,vCPNTgQERjHsDRtOIBGw3NBHHJA=
-37,-69,nD0N4Gk2Il1lQ4vprNuSbJ9l0b4=,vCPNTgQERjHsDRtOIBGw3NBHHJA=
-37,-66,nD0N4Gk2Il1lQ4vprNuSbJ9l0b4=,vCPNTgQERjHsDRtOIBGw3NBHHJA=
-37,-71,nD0N4Gk2Il1lQ4vprNuSbJ9l0b4=,vCPNTgQERjHsDRtOIBGw3NBHHJA=
-35,-70,nD0N4Gk2Il1lQ4vprNuSbJ9l0b4=,vCPNTgQERjHsDRtOIBGw3NBHHJA=
-36,-68,nD0N4Gk2Il1lQ4vprNuSbJ9l0b4=,vCPNTgQERjHsDRtOIBGw3NBHHJA=
-37,-93,nD0N4Gk2Il1lQ4vprNuSbJ9l0b4=,E0pDipJxh9n9YWmgg7wyCCBbeWc=
-36,-93,nD0N4Gk2Il1lQ4vprNuSbJ9l0b4=,E0pDipJxh9n9YWmgg7wyCCBbeWc=
-37,-92,nD0N4Gk2Il1lQ4vprNuSbJ9l0b4=,E0pDipJxh9n9YWmgg7wyCCBbeWc=
-36,-92,nD0N4Gk2Il1lQ4vprNuSbJ9l0b4=,E0pDipJxh9n9YWmgg7wyCCBbeWc=
-36,-91,nD0N4Gk2Il1lQ4vprNuSbJ9l0b4=,E0pDipJxh9n9YWmgg7wyCCBbeWc=
-36,-89,nD0N4Gk2Il1lQ4vprNuSbJ9l0b4=,E0pDipJxh9n9YWmgg7wyCCBbeWc=
-37,-85,nD0N4Gk2Il1lQ4vprNuSbJ9l0b4=,7jVPA33LCsE9Z42IScpH31/SXmY=
-36,-85,nD0N4Gk2Il1lQ4vprNuSbJ9l0b4=,7jVPA33LCsE9Z42IScpH31/SXmY=
-36,-84,nD0N4Gk2Il1lQ4vprNuSbJ9l0b4=,7jVPA33LCsE9Z42IScpH31/SXmY=
-37,-90,nD0N4Gk2Il1lQ4vprNuSbJ9l0b4=,E0pDipJxh9n9YWmgg7wyCCBbeWc=
-37,-84,nD0N4Gk2Il1lQ4vprNuSbJ9l0b4=,7jVPA33LCsE9Z42IScpH31/SXmY=
-36,-90,nD0N4Gk2Il1lQ4vprNuSbJ9l0b4=,E0pDipJxh9n9YWmgg7wyCCBbeWc=
-37,-87,nD0N4Gk2Il1lQ4vprNuSbJ9l0b4=,7jVPA33LCsE9Z42IScpH31/SXmY=
-37,-88,nD0N4Gk2Il1lQ4vprNuSbJ9l0b4=,7jVPA33LCsE9Z42IScpH31/SXmY=
-36,-87,nD0N4Gk2Il1lQ4vprNuSbJ9l0b4=,7jVPA33LCsE9Z42IScpH31/SXmY=
-38,-84,nD0N4Gk2Il1lQ4vprNuSbJ9l0b4=,7jVPA33LCsE9Z42IScpH31/SXmY=
-39,-84,nD0N4Gk2Il1lQ4vprNuSbJ9l0b4=,7jVPA33LCsE9Z42IScpH31/SXmY=
-39,-85,nD0N4Gk2Il1lQ4vprNuSbJ9l0b4=,7jVPA33LCsE9Z42IScpH31/SXmY=
-40,-85,nD0N4Gk2Il1lQ4vprNuSbJ9l0b4=,7jVPA33LCsE9Z42IScpH31/SXmY=
-38,-85,nD0N4Gk2Il1lQ4vprNuSbJ9l0b4=,7jVPA33LCsE9Z42IScpH31/SXmY=
-36,-86,nD0N4Gk2Il1lQ4vprNuSbJ9l0b4=,7jVPA33LCsE9Z42IScpH31/SXmY=
-37,-89,nD0N4Gk2Il1lQ4vprNuSbJ9l0b4=,E0pDipJxh9n9YWmgg7wyCCBbeWc=
-37,-91,nD0N4Gk2Il1lQ4vprNuSbJ9l0b4=,E0pDipJxh9n9YWmgg7wyCCBbeWc=
-40,-84,nD0N4Gk2Il1lQ4vprNuSbJ9l0b4=,7jVPA33LCsE9Z42IScpH31/SXmY=
-36,-88,nD0N4Gk2Il1lQ4vprNuSbJ9l0b4=,7jVPA33LCsE9Z42IScpH31/SXmY=
-34,-92,nD0N4Gk2Il1lQ4vprNuSbJ9l0b4=,E0pDipJxh9n9YWmgg7wyCCBbeWc=
-37,-86,nD0N4Gk2Il1lQ4vprNuSbJ9l0b4=,7jVPA33LCsE9Z42IScpH31/SXmY=
-33,-92,nD0N4Gk2Il1lQ4vprNuSbJ9l0b4=,E0pDipJxh9n9YWmgg7wyCCBbeWc=
-35,-92,nD0N4Gk2Il1lQ4vprNuSbJ9l0b4=,E0pDipJxh9n9YWmgg7wyCCBbeWc=
-34,-93,nD0N4Gk2Il1lQ4vprNuSbJ9l0b4=,E0pDipJxh9n9YWmgg7wyCCBbeWc=
-33,-93,nD0N4Gk2Il1lQ4vprNuSbJ9l0b4=,E0pDipJxh9n9YWmgg7wyCCBbeWc=
-35,-93,nD0N4Gk2Il1lQ4vprNuSbJ9l0b4=,E0pDipJxh9n9YWmgg7wyCCBbeWc=
-37,-82,nD0N4Gk2Il1lQ4vprNuSbJ9l0b4=,7jVPA33LCsE9Z42IScpH31/SXmY=
-37,-83,nD0N4Gk2Il1lQ4vprNuSbJ9l0b4=,7jVPA33LCsE9Z42IScpH31/SXmY=
-36,-82,nD0N4Gk2Il1lQ4vprNuSbJ9l0b4=,7jVPA33LCsE9Z42IScpH31/SXmY=
-37,-81,nD0N4Gk2Il1lQ4vprNuSbJ9l0b4=,7jVPA33LCsE9Z42IScpH31/SXmY=
-36,-83,nD0N4Gk2Il1lQ4vprNuSbJ9l0b4=,7jVPA33LCsE9Z42IScpH31/SXmY=
-35,-91,nD0N4Gk2Il1lQ4vprNuSbJ9l0b4=,E0pDipJxh9n9YWmgg7wyCCBbeWc=
-36,-81,nD0N4Gk2Il1lQ4vprNuSbJ9l0b4=,7jVPA33LCsE9Z42IScpH31/SXmY=
-33,-84,nD0N4Gk2Il1lQ4vprNuSbJ9l0b4=,7jVPA33LCsE9Z42IScpH31/SXmY=
-33,-88,nD0N4Gk2Il1lQ4vprNuSbJ9l0b4=,7jVPA33LCsE9Z42IScpH31/SXmY=
-33,-89,nD0N4Gk2Il1lQ4vprNuSbJ9l0b4=,E0pDipJxh9n9YWmgg7wyCCBbeWc=
-33,-86,nD0N4Gk2Il1lQ4vprNuSbJ9l0b4=,7jVPA33LCsE9Z42IScpH31/SXmY=
-35,-86,nD0N4Gk2Il1lQ4vprNuSbJ9l0b4=,7jVPA33LCsE9Z42IScpH31/SXmY=
-33,-90,nD0N4Gk2Il1lQ4vprNuSbJ9l0b4=,E0pDipJxh9n9YWmgg7wyCCBbeWc=
-34,-84,nD0N4Gk2Il1lQ4vprNuSbJ9l0b4=,7jVPA33LCsE9Z42IScpH31/SXmY=
-34,-90,nD0N4Gk2Il1lQ4vprNuSbJ9l0b4=,E0pDipJxh9n9YWmgg7wyCCBbeWc=
-34,-87,nD0N4Gk2Il1lQ4vprNuSbJ9l0b4=,7jVPA33LCsE9Z42IScpH31/SXmY=
-34,-91,nD0N4Gk2Il1lQ4vprNuSbJ9l0b4=,E0pDipJxh9n9YWmgg7wyCCBbeWc=
-35,-88,nD0N4Gk2Il1lQ4vprNuSbJ9l0b4=,7jVPA33LCsE9Z42IScpH31/SXmY=
-34,-85,nD0N4Gk2Il1lQ4vprNuSbJ9l0b4=,7jVPA33LCsE9Z42IScpH31/SXmY=
-34,-86,nD0N4Gk2Il1lQ4vprNuSbJ9l0b4=,7jVPA33LCsE9Z42IScpH31/SXmY=
-35,-89,nD0N4Gk2Il1lQ4vprNuSbJ9l0b4=,E0pDipJxh9n9YWmgg7wyCCBbeWc=
-35,-87,nD0N4Gk2Il1lQ4vprNuSbJ9l0b4=,7jVPA33LCsE9Z42IScpH31/SXmY=
-35,-85,nD0N4Gk2Il1lQ4vprNuSbJ9l0b4=,7jVPA33LCsE9Z42IScpH31/SXmY=
-33,-91,nD0N4Gk2Il1lQ4vprNuSbJ9l0b4=,E0pDipJxh9n9YWmgg7wyCCBbeWc=
-34,-89,nD0N4Gk2Il1lQ4vprNuSbJ9l0b4=,E0pDipJxh9n9YWmgg7wyCCBbeWc=
-35,-84,nD0N4Gk2Il1lQ4vprNuSbJ9l0b4=,7jVPA33LCsE9Z42IScpH31/SXmY=
-35,-90,nD0N4Gk2Il1lQ4vprNuSbJ9l0b4=,E0pDipJxh9n9YWmgg7wyCCBbeWc=
-34,-88,nD0N4Gk2Il1lQ4vprNuSbJ9l0b4=,7jVPA33LCsE9Z42IScpH31/SXmY=
-33,-87,nD0N4Gk2Il1lQ4vprNuSbJ9l0b4=,7jVPA33LCsE9Z42IScpH31/SXmY=
-33,-85,nD0N4Gk2Il1lQ4vprNuSbJ9l0b4=,7jVPA33LCsE9Z42IScpH31/SXmY=
-33,-83,nD0N4Gk2Il1lQ4vprNuSbJ9l0b4=,7jVPA33LCsE9Z42IScpH31/SXmY=
-35,-82,nD0N4Gk2Il1lQ4vprNuSbJ9l0b4=,7jVPA33LCsE9Z42IScpH31/SXmY=
-34,-81,nD0N4Gk2Il1lQ4vprNuSbJ9l0b4=,7jVPA33LCsE9Z42IScpH31/SXmY=
-33,-81,nD0N4Gk2Il1lQ4vprNuSbJ9l0b4=,7jVPA33LCsE9Z42IScpH31/SXmY=
-35,-81,nD0N4Gk2Il1lQ4vprNuSbJ9l0b4=,7jVPA33LCsE9Z42IScpH31/SXmY=
-35,-83,nD0N4Gk2Il1lQ4vprNuSbJ9l0b4=,7jVPA33LCsE9Z42IScpH31/SXmY=
-34,-83,nD0N4Gk2Il1lQ4vprNuSbJ9l0b4=,7jVPA33LCsE9Z42IScpH31/SXmY=
-33,-82,nD0N4Gk2Il1lQ4vprNuSbJ9l0b4=,7jVPA33LCsE9Z42IScpH31/SXmY=
-34,-82,nD0N4Gk2Il1lQ4vprNuSbJ9l0b4=,7jVPA33LCsE9Z42IScpH31/SXmY=
-39,-86,nD0N4Gk2Il1lQ4vprNuSbJ9l0b4=,7jVPA33LCsE9Z42IScpH31/SXmY=
-38,-89,nD0N4Gk2Il1lQ4vprNuSbJ9l0b4=,E0pDipJxh9n9YWmgg7wyCCBbeWc=
-38,-91,nD0N4Gk2Il1lQ4vprNuSbJ9l0b4=,E0pDipJxh9n9YWmgg7wyCCBbeWc=
-40,-92,nD0N4Gk2Il1lQ4vprNuSbJ9l0b4=,E0pDipJxh9n9YWmgg7wyCCBbeWc=
-38,-92,nD0N4Gk2Il1lQ4vprNuSbJ9l0b4=,E0pDipJxh9n9YWmgg7wyCCBbeWc=
-40,-88,nD0N4Gk2Il1lQ4vprNuSbJ9l0b4=,7jVPA33LCsE9Z42IScpH31/SXmY=
-40,-87,nD0N4Gk2Il1lQ4vprNuSbJ9l0b4=,7jVPA33LCsE9Z42IScpH31/SXmY=
-38,-86,nD0N4Gk2Il1lQ4vprNuSbJ9l0b4=,7jVPA33LCsE9Z42IScpH31/SXmY=
-40,-86,nD0N4Gk2Il1lQ4vprNuSbJ9l0b4=,7jVPA33LCsE9Z42IScpH31/SXmY=
-40,-89,nD0N4Gk2Il1lQ4vprNuSbJ9l0b4=,E0pDipJxh9n9YWmgg7wyCCBbeWc=
-40,-90,nD0N4Gk2Il1lQ4vprNuSbJ9l0b4=,E0pDipJxh9n9YWmgg7wyCCBbeWc=
-38,-93,nD0N4Gk2Il1lQ4vprNuSbJ9l0b4=,E0pDipJxh9n9YWmgg7wyCCBbeWc=
-39,-91,nD0N4Gk2Il1lQ4vprNuSbJ9l0b4=,E0pDipJxh9n9YWmgg7wyCCBbeWc=
-37,-94,nD0N4Gk2Il1lQ4vprNuSbJ9l0b4=,E0pDipJxh9n9YWmgg7wyCCBbeWc=
-36,-95,nD0N4Gk2Il1lQ4vprNuSbJ9l0b4=,E0pDipJxh9n9YWmgg7wyCCBbeWc=
-36,-96,nD0N4Gk2Il1lQ4vprNuSbJ9l0b4=,E0pDipJxh9n9YWmgg7wyCCBbeWc=
-40,-93,nD0N4Gk2Il1lQ4vprNuSbJ9l0b4=,E0pDipJxh9n9YWmgg7wyCCBbeWc=
-40,-91,nD0N4Gk2Il1lQ4vprNuSbJ9l0b4=,E0pDipJxh9n9YWmgg7wyCCBbeWc=
-39,-88,nD0N4Gk2Il1lQ4vprNuSbJ9l0b4=,7jVPA33LCsE9Z42IScpH31/SXmY=
-36,-94,nD0N4Gk2Il1lQ4vprNuSbJ9l0b4=,E0pDipJxh9n9YWmgg7wyCCBbeWc=
-37,-95,nD0N4Gk2Il1lQ4vprNuSbJ9l0b4=,E0pDipJxh9n9YWmgg7wyCCBbeWc=
-39,-93,nD0N4Gk2Il1lQ4vprNuSbJ9l0b4=,E0pDipJxh9n9YWmgg7wyCCBbeWc=
-39,-87,nD0N4Gk2Il1lQ4vprNuSbJ9l0b4=,7jVPA33LCsE9Z42IScpH31/SXmY=
-37,-96,nD0N4Gk2Il1lQ4vprNuSbJ9l0b4=,E0pDipJxh9n9YWmgg7wyCCBbeWc=
-38,-90,nD0N4Gk2Il1lQ4vprNuSbJ9l0b4=,E0pDipJxh9n9YWmgg7wyCCBbeWc=
-38,-88,nD0N4Gk2Il1lQ4vprNuSbJ9l0b4=,7jVPA33LCsE9Z42IScpH31/SXmY=
-38,-87,nD0N4Gk2Il1lQ4vprNuSbJ9l0b4=,7jVPA33LCsE9Z42IScpH31/SXmY=
-39,-90,nD0N4Gk2Il1lQ4vprNuSbJ9l0b4=,E0pDipJxh9n9YWmgg7wyCCBbeWc=
-39,-92,nD0N4Gk2Il1lQ4vprNuSbJ9l0b4=,E0pDipJxh9n9YWmgg7wyCCBbeWc=
-39,-89,nD0N4Gk2Il1lQ4vprNuSbJ9l0b4=,E0pDipJxh9n9YWmgg7wyCCBbeWc=
-33,-96,nD0N4Gk2Il1lQ4vprNuSbJ9l0b4=,E0pDipJxh9n9YWmgg7wyCCBbeWc=
-34,-95,nD0N4Gk2Il1lQ4vprNuSbJ9l0b4=,E0pDipJxh9n9YWmgg7wyCCBbeWc=
-34,-96,nD0N4Gk2Il1lQ4vprNuSbJ9l0b4=,E0pDipJxh9n9YWmgg7wyCCBbeWc=
-34,-94,nD0N4Gk2Il1lQ4vprNuSbJ9l0b4=,E0pDipJxh9n9YWmgg7wyCCBbeWc=
-35,-94,nD0N4Gk2Il1lQ4vprNuSbJ9l0b4=,E0pDipJxh9n9YWmgg7wyCCBbeWc=
-33,-94,nD0N4Gk2Il1lQ4vprNuSbJ9l0b4=,E0pDipJxh9n9YWmgg7wyCCBbeWc=
-33,-95,nD0N4Gk2Il1lQ4vprNuSbJ9l0b4=,E0pDipJxh9n9YWmgg7wyCCBbeWc=
-35,-95,nD0N4Gk2Il1lQ4vprNuSbJ9l0b4=,E0pDipJxh9n9YWmgg7wyCCBbeWc=
-35,-96,nD0N4Gk2Il1lQ4vprNuSbJ9l0b4=,E0pDipJxh9n9YWmgg7wyCCBbeWc=
-39,-83,nD0N4Gk2Il1lQ4vprNuSbJ9l0b4=,7jVPA33LCsE9Z42IScpH31/SXmY=
-40,-82,nD0N4Gk2Il1lQ4vprNuSbJ9l0b4=,7jVPA33LCsE9Z42IScpH31/SXmY=
-40,-83,nD0N4Gk2Il1lQ4vprNuSbJ9l0b4=,7jVPA33LCsE9Z42IScpH31/SXmY=
-38,-83,nD0N4Gk2Il1lQ4vprNuSbJ9l0b4=,7jVPA33LCsE9Z42IScpH31/SXmY=
-40,-81,nD0N4Gk2Il1lQ4vprNuSbJ9l0b4=,7jVPA33LCsE9Z42IScpH31/SXmY=
-38,-82,nD0N4Gk2Il1lQ4vprNuSbJ9l0b4=,7jVPA33LCsE9Z42IScpH31/SXmY=
-39,-81,nD0N4Gk2Il1lQ4vprNuSbJ9l0b4=,7jVPA33LCsE9Z42IScpH31/SXmY=
-39,-94,nD0N4Gk2Il1lQ4vprNuSbJ9l0b4=,E0pDipJxh9n9YWmgg7wyCCBbeWc=
-38,-81,nD0N4Gk2Il1lQ4vprNuSbJ9l0b4=,7jVPA33LCsE9Z42IScpH31/SXmY=
-39,-95,nD0N4Gk2Il1lQ4vprNuSbJ9l0b4=,E0pDipJxh9n9YWmgg7wyCCBbeWc=
-40,-94,nD0N4Gk2Il1lQ4vprNuSbJ9l0b4=,E0pDipJxh9n9YWmgg7wyCCBbeWc=
-39,-96,nD0N4Gk2Il1lQ4vprNuSbJ9l0b4=,E0pDipJxh9n9YWmgg7wyCCBbeWc=
-40,-95,nD0N4Gk2Il1lQ4vprNuSbJ9l0b4=,E0pDipJxh9n9YWmgg7wyCCBbeWc=
-38,-94,nD0N4Gk2Il1lQ4vprNuSbJ9l0b4=,E0pDipJxh9n9YWmgg7wyCCBbeWc=
-39,-82,nD0N4Gk2Il1lQ4vprNuSbJ9l0b4=,7jVPA33LCsE9Z42IScpH31/SXmY=
-38,-95,nD0N4Gk2Il1lQ4vprNuSbJ9l0b4=,E0pDipJxh9n9YWmgg7wyCCBbeWc=
-38,-96,nD0N4Gk2Il1lQ4vprNuSbJ9l0b4=,E0pDipJxh9n9YWmgg7wyCCBbeWc=
-40,-96,nD0N4Gk2Il1lQ4vprNuSbJ9l0b4=,E0pDipJxh9n9YWmgg7wyCCBbeWc=
