12,35,RwtqLHsalBsNjD8sdAwS5e3xr6c=,VcKs02X2PBkM0aTVuEjW4zl4AAc=
11,36,RwtqLHsalBsNjD8sdAwS5e3xr6c=,VcKs02X2PBkM0aTVuEjW4zl4AAc=
12,36,RwtqLHsalBsNjD8sdAwS5e3xr6c=,VcKs02X2PBkM0aTVuEjW4zl4AAc=
11,35,RwtqLHsalBsNjD8sdAwS5e3xr6c=,VcKs02X2PBkM0aTVuEjW4zl4AAc=
12,37,hpT3A4F7A0J+bJ7tYexNxWrKKlo=,VcKs02X2PBkM0aTVuEjW4zl4AAc=
12,43,hpT3A4F7A0J+bJ7tYexNxWrKKlo=,pWGgDUtm/78LQZej/TP1QxWhMb4=
11,44,hpT3A4F7A0J+bJ7tYexNxWrKKlo=,pWGgDUtm/78LQZej/TP1QxWhMb4=
11,39,hpT3A4F7A0J+bJ7tYexNxWrKKlo=,VcKs02X2PBkM0aTVuEjW4zl4AAc=
11,37,hpT3A4F7A0J+bJ7tYexNxWrKKlo=,VcKs02X2PBkM0aTVuEjW4zl4AAc=
12,42,hpT3A4F7A0J+bJ7tYexNxWrKKlo=,pWGgDUtm/78LQZej/TP1QxWhMb4=
12,41,hpT3A4F7A0J+bJ7tYexNxWrKKlo=,pWGgDUtm/78LQZej/TP1QxWhMb4=
11,41,hpT3A4F7A0J+bJ7tYexNxWrKKlo=,pWGgDUtm/78LQZej/TP1QxWhMb4=
11,42,hpT3A4F7A0J+bJ7tYexNxWrKKlo=,pWGgDUtm/78LQZej/TP1QxWhMb4=
12,40,hpT3A4F7A0J+bJ7tYexNxWrKKlo=,pWGgDUtm/78LQZej/TP1QxWhMb4=
12,38,hpT3A4F7A0J+bJ7tYexNxWrKKlo=,VcKs02X2PBkM0aTVuEjW4zl4AAc=
11,38,hpT3A4F7A0J+bJ7tYexNxWrKKlo=,VcKs02X2PBkM0aTVuEjW4zl4AAc=
11,40,hpT3A4F7A0J+bJ7tYexNxWrKKlo=,pWGgDUtm/78LQZej/TP1QxWhMb4=
11,43,hpT3A4F7A0J+bJ7tYexNxWrKKlo=,pWGgDUtm/78LQZej/TP1QxWhMb4=
12,39,hpT3A4F7A0J+bJ7tYexNxWrKKlo=,VcKs02X2PBkM0aTVuEjW4zl4AAc=
12,44,hpT3A4F7A0J+bJ7tYexNxWrKKlo=,pWGgDUtm/78LQZej/TP1QxWhMb4=
13,43,hpT3A4F7A0J+bJ7tYexNxWrKKlo=,pWGgDUtm/78LQZej/TP1QxWhMb4=
14,43,hpT3A4F7A0J+bJ7tYexNxWrKKlo=,pWGgDUtm/78LQZej/TP1QxWhMb4=
15,43,hpT3A4F7A0J+bJ7tYexNxWrKKlo=,pWGgDUtm/78LQZej/TP1QxWhMb4=
13,44,hpT3A4F7A0J+bJ7tYexNxWrKKlo=,pWGgDUtm/78LQZej/TP1QxWhMb4=
14,44,hpT3A4F7A0J+bJ7tYexNxWrKKlo=,pWGgDUtm/78LQZej/TP1QxWhMb4=
15,44,hpT3A4F7A0J+bJ7tYexNxWrKKlo=,pWGgDUtm/78LQZej/TP1QxWhMb4=
11,45,hpT3A4F7A0J+bJ7tYexNxWrKKlo=,pWGgDUtm/78LQZej/TP1QxWhMb4=
11,47,hpT3A4F7A0J+bJ7tYexNxWrKKlo=,pWGgDUtm/78LQZej/TP1QxWhMb4=
12,47,hpT3A4F7A0J+bJ7tYexNxWrKKlo=,pWGgDUtm/78LQZej/TP1QxWhMb4=
12,46,hpT3A4F7A0J+bJ7tYexNxWrKKlo=,pWGgDUtm/78LQZej/TP1QxWhMb4=
11,46,hpT3A4F7A0J+bJ7tYexNxWrKKlo=,pWGgDUtm/78LQZej/TP1QxWhMb4=
12,45,hpT3A4F7A0J+bJ7tYexNxWrKKlo=,pWGgDUtm/78LQZej/TP1QxWhMb4=
15,39,hpT3A4F7A0J+bJ7tYexNxWrKKlo=,VcKs02X2PBkM0aTVuEjW4zl4AAc=
15,41,hpT3A4F7A0J+bJ7tYexNxWrKKlo=,pWGgDUtm/78LQZej/TP1QxWhMb4=
13,35,RwtqLHsalBsNjD8sdAwS5e3xr6c=,VcKs02X2PBkM0aTVuEjW4zl4AAc=
14,35,RwtqLHsalBsNjD8sdAwS5e3xr6c=,VcKs02X2PBkM0aTVuEjW4zl4AAc=
15,38,hpT3A4F7A0J+bJ7tYexNxWrKKlo=,VcKs02X2PBkM0aTVuEjW4zl4AAc=
15,35,RwtqLHsalBsNjD8sdAwS5e3xr6c=,VcKs02X2PBkM0aTVuEjW4zl4AAc=
14,38,hpT3A4F7A0J+bJ7tYexNxWrKKlo=,VcKs02X2PBkM0aTVuEjW4zl4AAc=
13,37,hpT3A4F7A0J+bJ7tYexNxWrKKlo=,VcKs02X2PBkM0aTVuEjW4zl4AAc=
14,37,hpT3A4F7A0J+bJ7tYexNxWrKKlo=,VcKs02X2PBkM0aTVuEjW4zl4AAc=
14,41,hpT3A4F7A0J+bJ7tYexNxWrKKlo=,pWGgDUtm/78LQZej/TP1QxWhMb4=
15,37,hpT3A4F7A0J+bJ7tYexNxWrKKlo=,VcKs02X2PBkM0aTVuEjW4zl4AAc=
14,42,hpT3A4F7A0J+bJ7tYexNxWrKKlo=,pWGgDUtm/78LQZej/TP1QxWhMb4=
13,38,hpT3A4F7A0J+bJ7tYexNxWrKKlo=,VcKs02X2PBkM0aTVuEjW4zl4AAc=
15,42,hpT3A4F7A0J+bJ7tYexNxWrKKlo=,pWGgDUtm/78LQZej/TP1QxWhMb4=
13,42,hpT3A4F7A0J+bJ7tYexNxWrKKlo=,pWGgDUtm/78LQZej/TP1QxWhMb4=
13,39,hpT3A4F7A0J+bJ7tYexNxWrKKlo=,VcKs02X2PBkM0aTVuEjW4zl4AAc=
13,41,hpT3A4F7A0J+bJ7tYexNxWrKKlo=,pWGgDUtm/78LQZej/TP1QxWhMb4=
14,39,hpT3A4F7A0J+bJ7tYexNxWrKKlo=,VcKs02X2PBkM0aTVuEjW4zl4AAc=
15,40,hpT3A4F7A0J+bJ7tYexNxWrKKlo=,pWGgDUtm/78LQZej/TP1QxWhMb4=
13,36,RwtqLHsalBsNjD8sdAwS5e3xr6c=,VcKs02X2PBkM0aTVuEjW4zl4AAc=
14,40,hpT3A4F7A0J+bJ7tYexNxWrKKlo=,pWGgDUtm/78LQZej/TP1QxWhMb4=
14,36,RwtqLHsalBsNjD8sdAwS5e3xr6c=,VcKs02X2PBkM0aTVuEjW4zl4AAc=
15,36,RwtqLHsalBsNjD8sdAwS5e3xr6c=,VcKs02X2PBkM0aTVuEjW4zl4AAc=
13,40,hpT3A4F7A0J+bJ7tYexNxWrKKlo=,pWGgDUtm/78LQZej/TP1QxWhMb4=
10,35,hpT3A4F7A0J+bJ7tYexNxWrKKlo=,VcKs02X2PBkM0aTVuEjW4zl4AAc=
9,35,hpT3A4F7A0J+bJ7tYexNxWrKKlo=,VcKs02X2PBkM0aTVuEjW4zl4AAc=
1,35,hpT3A4F7A0J+bJ7tYexNxWrKKlo=,X1ksuHWVXUW6RG0qCnI3GGDIrQI=
0,35,hpT3A4F7A0J+bJ7tYexNxWrKKlo=,X1ksuHWVXUW6RG0qCnI3GGDIrQI=
2,35,hpT3A4F7A0J+bJ7tYexNxWrKKlo=,X1ksuHWVXUW6RG0qCnI3GGDIrQI=
0,36,hpT3A4F7A0J+bJ7tYexNxWrKKlo=,X1ksuHWVXUW6RG0qCnI3GGDIrQI=
1,36,hpT3A4F7A0J+bJ7tYexNxWrKKlo=,X1ksuHWVXUW6RG0qCnI3GGDIrQI=
6,36,hpT3A4F7A0J+bJ7tYexNxWrKKlo=,X1ksuHWVXUW6RG0qCnI3GGDIrQI=
10,36,hpT3A4F7A0J+bJ7tYexNxWrKKlo=,VcKs02X2PBkM0aTVuEjW4zl4AAc=
9,36,hpT3A4F7A0J+bJ7tYexNxWrKKlo=,VcKs02X2PBkM0aTVuEjW4zl4AAc=
8,35,hpT3A4F7A0J+bJ7tYexNxWrKKlo=,VcKs02X2PBkM0aTVuEjW4zl4AAc=
7,36,hpT3A4F7A0J+bJ7tYexNxWrKKlo=,X1ksuHWVXUW6RG0qCnI3GGDIrQI=
3,35,hpT3A4F7A0J+bJ7tYexNxWrKKlo=,X1ksuHWVXUW6RG0qCnI3GGDIrQI=
4,33,hpT3A4F7A0J+bJ7tYexNxWrKKlo=,X1ksuHWVXUW6RG0qCnI3GGDIrQI=
12,34,hpT3A4F7A0J+bJ7tYexNxWrKKlo=,VcKs02X2PBkM0aTVuEjW4zl4AAc=
10,34,hpT3A4F7A0J+bJ7tYexNxWrKKlo=,VcKs02X2PBkM0aTVuEjW4zl4AAc=
11,34,hpT3A4F7A0J+bJ7tYexNxWrKKlo=,VcKs02X2PBkM0aTVuEjW4zl4AAc=
9,34,hpT3A4F7A0J+bJ7tYexNxWrKKlo=,VcKs02X2PBkM0aTVuEjW4zl4AAc=
5,36,hpT3A4F7A0J+bJ7tYexNxWrKKlo=,X1ksuHWVXUW6RG0qCnI3GGDIrQI=
12,33,hpT3A4F7A0J+bJ7tYexNxWrKKlo=,VcKs02X2PBkM0aTVuEjW4zl4AAc=
6,33,hpT3A4F7A0J+bJ7tYexNxWrKKlo=,X1ksuHWVXUW6RG0qCnI3GGDIrQI=
4,36,hpT3A4F7A0J+bJ7tYexNxWrKKlo=,X1ksuHWVXUW6RG0qCnI3GGDIrQI=
7,35,hpT3A4F7A0J+bJ7tYexNxWrKKlo=,X1ksuHWVXUW6RG0qCnI3GGDIrQI=
11,33,hpT3A4F7A0J+bJ7tYexNxWrKKlo=,VcKs02X2PBkM0aTVuEjW4zl4AAc=
10,33,hpT3A4F7A0J+bJ7tYexNxWrKKlo=,VcKs02X2PBkM0aTVuEjW4zl4AAc=
12,32,hpT3A4F7A0J+bJ7tYexNxWrKKlo=,VcKs02X2PBkM0aTVuEjW4zl4AAc=
9,33,hpT3A4F7A0J+bJ7tYexNxWrKKlo=,VcKs02X2PBkM0aTVuEjW4zl4AAc=
10,32,hpT3A4F7A0J+bJ7tYexNxWrKKlo=,VcKs02X2PBkM0aTVuEjW4zl4AAc=
9,32,hpT3A4F7A0J+bJ7tYexNxWrKKlo=,VcKs02X2PBkM0aTVuEjW4zl4AAc=
6,35,hpT3A4F7A0J+bJ7tYexNxWrKKlo=,X1ksuHWVXUW6RG0qCnI3GGDIrQI=
8,34,hpT3A4F7A0J+bJ7tYexNxWrKKlo=,VcKs02X2PBkM0aTVuEjW4zl4AAc=
11,32,hpT3A4F7A0J+bJ7tYexNxWrKKlo=,VcKs02X2PBkM0aTVuEjW4zl4AAc=
4,34,hpT3A4F7A0J+bJ7tYexNxWrKKlo=,X1ksuHWVXUW6RG0qCnI3GGDIrQI=
6,32,hpT3A4F7A0J+bJ7tYexNxWrKKlo=,X1ksuHWVXUW6RG0qCnI3GGDIrQI=
3,34,hpT3A4F7A0J+bJ7tYexNxWrKKlo=,X1ksuHWVXUW6RG0qCnI3GGDIrQI=
8,33,hpT3A4F7A0J+bJ7tYexNxWrKKlo=,VcKs02X2PBkM0aTVuEjW4zl4AAc=
2,36,hpT3A4F7A0J+bJ7tYexNxWrKKlo=,X1ksuHWVXUW6RG0qCnI3GGDIrQI=
8,36,hpT3A4F7A0J+bJ7tYexNxWrKKlo=,VcKs02X2PBkM0aTVuEjW4zl4AAc=
3,36,hpT3A4F7A0J+bJ7tYexNxWrKKlo=,X1ksuHWVXUW6RG0qCnI3GGDIrQI=
6,34,hpT3A4F7A0J+bJ7tYexNxWrKKlo=,X1ksuHWVXUW6RG0qCnI3GGDIrQI=
8,32,hpT3A4F7A0J+bJ7tYexNxWrKKlo=,VcKs02X2PBkM0aTVuEjW4zl4AAc=
4,32,hpT3A4F7A0J+bJ7tYexNxWrKKlo=,X1ksuHWVXUW6RG0qCnI3GGDIrQI=
7,33,hpT3A4F7A0J+bJ7tYexNxWrKKlo=,X1ksuHWVXUW6RG0qCnI3GGDIrQI=
5,32,hpT3A4F7A0J+bJ7tYexNxWrKKlo=,X1ksuHWVXUW6RG0qCnI3GGDIrQI=
10,37,hpT3A4F7A0J+bJ7tYexNxWrKKlo=,VcKs02X2PBkM0aTVuEjW4zl4AAc=
10,39,hpT3A4F7A0J+bJ7tYexNxWrKKlo=,VcKs02X2PBkM0aTVuEjW4zl4AAc=
9,37,hpT3A4F7A0J+bJ7tYexNxWrKKlo=,VcKs02X2PBkM0aTVuEjW4zl4AAc=
4,35,hpT3A4F7A0J+bJ7tYexNxWrKKlo=,X1ksuHWVXUW6RG0qCnI3GGDIrQI=
7,46,hpT3A4F7A0J+bJ7tYexNxWrKKlo=,ai/iUi3vDECRVg4l7noBSDu/42g=
9,39,hpT3A4F7A0J+bJ7tYexNxWrKKlo=,VcKs02X2PBkM0aTVuEjW4zl4AAc=
5,46,hpT3A4F7A0J+bJ7tYexNxWrKKlo=,ai/iUi3vDECRVg4l7noBSDu/42g=
5,35,hpT3A4F7A0J+bJ7tYexNxWrKKlo=,X1ksuHWVXUW6RG0qCnI3GGDIrQI=
10,41,hpT3A4F7A0J+bJ7tYexNxWrKKlo=,pWGgDUtm/78LQZej/TP1QxWhMb4=
7,45,hpT3A4F7A0J+bJ7tYexNxWrKKlo=,ai/iUi3vDECRVg4l7noBSDu/42g=
6,46,hpT3A4F7A0J+bJ7tYexNxWrKKlo=,ai/iUi3vDECRVg4l7noBSDu/42g=
5,33,hpT3A4F7A0J+bJ7tYexNxWrKKlo=,X1ksuHWVXUW6RG0qCnI3GGDIrQI=
7,34,hpT3A4F7A0J+bJ7tYexNxWrKKlo=,X1ksuHWVXUW6RG0qCnI3GGDIrQI=
0,38,hpT3A4F7A0J+bJ7tYexNxWrKKlo=,X1ksuHWVXUW6RG0qCnI3GGDIrQI=
3,32,hpT3A4F7A0J+bJ7tYexNxWrKKlo=,X1ksuHWVXUW6RG0qCnI3GGDIrQI=
3,33,hpT3A4F7A0J+bJ7tYexNxWrKKlo=,X1ksuHWVXUW6RG0qCnI3GGDIrQI=
7,32,hpT3A4F7A0J+bJ7tYexNxWrKKlo=,X1ksuHWVXUW6RG0qCnI3GGDIrQI=
10,42,hpT3A4F7A0J+bJ7tYexNxWrKKlo=,pWGgDUtm/78LQZej/TP1QxWhMb4=
1,41,hpT3A4F7A0J+bJ7tYexNxWrKKlo=,ai/iUi3vDECRVg4l7noBSDu/42g=
2,41,hpT3A4F7A0J+bJ7tYexNxWrKKlo=,ai/iUi3vDECRVg4l7noBSDu/42g=
5,34,hpT3A4F7A0J+bJ7tYexNxWrKKlo=,X1ksuHWVXUW6RG0qCnI3GGDIrQI=
8,37,hpT3A4F7A0J+bJ7tYexNxWrKKlo=,VcKs02X2PBkM0aTVuEjW4zl4AAc=
9,41,hpT3A4F7A0J+bJ7tYexNxWrKKlo=,pWGgDUtm/78LQZej/TP1QxWhMb4=
1,38,hpT3A4F7A0J+bJ7tYexNxWrKKlo=,X1ksuHWVXUW6RG0qCnI3GGDIrQI=
0,41,hpT3A4F7A0J+bJ7tYexNxWrKKlo=,ai/iUi3vDECRVg4l7noBSDu/42g=
10,40,hpT3A4F7A0J+bJ7tYexNxWrKKlo=,pWGgDUtm/78LQZej/TP1QxWhMb4=
6,45,hpT3A4F7A0J+bJ7tYexNxWrKKlo=,ai/iUi3vDECRVg4l7noBSDu/42g=
8,39,hpT3A4F7A0J+bJ7tYexNxWrKKlo=,VcKs02X2PBkM0aTVuEjW4zl4AAc=
2,38,hpT3A4F7A0J+bJ7tYexNxWrKKlo=,X1ksuHWVXUW6RG0qCnI3GGDIrQI=
6,37,hpT3A4F7A0J+bJ7tYexNxWrKKlo=,X1ksuHWVXUW6RG0qCnI3GGDIrQI=
9,40,hpT3A4F7A0J+bJ7tYexNxWrKKlo=,pWGgDUtm/78LQZej/TP1QxWhMb4=
10,47,hpT3A4F7A0J+bJ7tYexNxWrKKlo=,pWGgDUtm/78LQZej/TP1QxWhMb4=
5,45,hpT3A4F7A0J+bJ7tYexNxWrKKlo=,ai/iUi3vDECRVg4l7noBSDu/42g=
0,42,hpT3A4F7A0J+bJ7tYexNxWrKKlo=,ai/iUi3vDECRVg4l7noBSDu/42g=
8,41,hpT3A4F7A0J+bJ7tYexNxWrKKlo=,pWGgDUtm/78LQZej/TP1QxWhMb4=
0,37,hpT3A4F7A0J+bJ7tYexNxWrKKlo=,X1ksuHWVXUW6RG0qCnI3GGDIrQI=
9,47,hpT3A4F7A0J+bJ7tYexNxWrKKlo=,pWGgDUtm/78LQZej/TP1QxWhMb4=
5,37,hpT3A4F7A0J+bJ7tYexNxWrKKlo=,X1ksuHWVXUW6RG0qCnI3GGDIrQI=
4,45,hpT3A4F7A0J+bJ7tYexNxWrKKlo=,ai/iUi3vDECRVg4l7noBSDu/42g=
4,40,hpT3A4F7A0J+bJ7tYexNxWrKKlo=,ai/iUi3vDECRVg4l7noBSDu/42g=
1,43,hpT3A4F7A0J+bJ7tYexNxWrKKlo=,ai/iUi3vDECRVg4l7noBSDu/42g=
10,43,hpT3A4F7A0J+bJ7tYexNxWrKKlo=,pWGgDUtm/78LQZej/TP1QxWhMb4=
9,42,hpT3A4F7A0J+bJ7tYexNxWrKKlo=,pWGgDUtm/78LQZej/TP1QxWhMb4=
2,43,hpT3A4F7A0J+bJ7tYexNxWrKKlo=,ai/iUi3vDECRVg4l7noBSDu/42g=
10,38,hpT3A4F7A0J+bJ7tYexNxWrKKlo=,VcKs02X2PBkM0aTVuEjW4zl4AAc=
7,47,hpT3A4F7A0J+bJ7tYexNxWrKKlo=,ai/iUi3vDECRVg4l7noBSDu/42g=
3,45,hpT3A4F7A0J+bJ7tYexNxWrKKlo=,ai/iUi3vDECRVg4l7noBSDu/42g=
8,47,hpT3A4F7A0J+bJ7tYexNxWrKKlo=,pWGgDUtm/78LQZej/TP1QxWhMb4=
4,37,hpT3A4F7A0J+bJ7tYexNxWrKKlo=,X1ksuHWVXUW6RG0qCnI3GGDIrQI=
1,37,hpT3A4F7A0J+bJ7tYexNxWrKKlo=,X1ksuHWVXUW6RG0qCnI3GGDIrQI=
8,42,hpT3A4F7A0J+bJ7tYexNxWrKKlo=,pWGgDUtm/78LQZej/TP1QxWhMb4=
7,41,hpT3A4F7A0J+bJ7tYexNxWrKKlo=,ai/iUi3vDECRVg4l7noBSDu/42g=
9,38,hpT3A4F7A0J+bJ7tYexNxWrKKlo=,VcKs02X2PBkM0aTVuEjW4zl4AAc=
10,46,hpT3A4F7A0J+bJ7tYexNxWrKKlo=,pWGgDUtm/78LQZej/TP1QxWhMb4=
9,46,hpT3A4F7A0J+bJ7tYexNxWrKKlo=,pWGgDUtm/78LQZej/TP1QxWhMb4=
8,46,hpT3A4F7A0J+bJ7tYexNxWrKKlo=,pWGgDUtm/78LQZej/TP1QxWhMb4=
6,44,hpT3A4F7A0J+bJ7tYexNxWrKKlo=,ai/iUi3vDECRVg4l7noBSDu/42g=
3,40,hpT3A4F7A0J+bJ7tYexNxWrKKlo=,ai/iUi3vDECRVg4l7noBSDu/42g=
6,47,hpT3A4F7A0J+bJ7tYexNxWrKKlo=,ai/iUi3vDECRVg4l7noBSDu/42g=
2,37,hpT3A4F7A0J+bJ7tYexNxWrKKlo=,X1ksuHWVXUW6RG0qCnI3GGDIrQI=
5,44,hpT3A4F7A0J+bJ7tYexNxWrKKlo=,ai/iUi3vDECRVg4l7noBSDu/42g=
5,47,hpT3A4F7A0J+bJ7tYexNxWrKKlo=,ai/iUi3vDECRVg4l7noBSDu/42g=
1,40,hpT3A4F7A0J+bJ7tYexNxWrKKlo=,ai/iUi3vDECRVg4l7noBSDu/42g=
7,40,hpT3A4F7A0J+bJ7tYexNxWrKKlo=,ai/iUi3vDECRVg4l7noBSDu/42g=
3,37,hpT3A4F7A0J+bJ7tYexNxWrKKlo=,X1ksuHWVXUW6RG0qCnI3GGDIrQI=
8,40,hpT3A4F7A0J+bJ7tYexNxWrKKlo=,pWGgDUtm/78LQZej/TP1QxWhMb4=
5,40,hpT3A4F7A0J+bJ7tYexNxWrKKlo=,ai/iUi3vDECRVg4l7noBSDu/42g=
8,38,hpT3A4F7A0J+bJ7tYexNxWrKKlo=,VcKs02X2PBkM0aTVuEjW4zl4AAc=
2,40,hpT3A4F7A0J+bJ7tYexNxWrKKlo=,ai/iUi3vDECRVg4l7noBSDu/42g=
6,41,hpT3A4F7A0J+bJ7tYexNxWrKKlo=,ai/iUi3vDECRVg4l7noBSDu/42g=
6,40,hpT3A4F7A0J+bJ7tYexNxWrKKlo=,ai/iUi3vDECRVg4l7noBSDu/42g=
5,39,hpT3A4F7A0J+bJ7tYexNxWrKKlo=,X1ksuHWVXUW6RG0qCnI3GGDIrQI=
0,40,hpT3A4F7A0J+bJ7tYexNxWrKKlo=,ai/iUi3vDECRVg4l7noBSDu/42g=
7,44,hpT3A4F7A0J+bJ7tYexNxWrKKlo=,ai/iUi3vDECRVg4l7noBSDu/42g=
4,47,hpT3A4F7A0J+bJ7tYexNxWrKKlo=,ai/iUi3vDECRVg4l7noBSDu/42g=
3,47,hpT3A4F7A0J+bJ7tYexNxWrKKlo=,ai/iUi3vDECRVg4l7noBSDu/42g=
10,45,hpT3A4F7A0J+bJ7tYexNxWrKKlo=,pWGgDUtm/78LQZej/TP1QxWhMb4=
9,45,hpT3A4F7A0J+bJ7tYexNxWrKKlo=,pWGgDUtm/78LQZej/TP1QxWhMb4=
4,44,hpT3A4F7A0J+bJ7tYexNxWrKKlo=,ai/iUi3vDECRVg4l7noBSDu/42g=
1,39,hpT3A4F7A0J+bJ7tYexNxWrKKlo=,X1ksuHWVXUW6RG0qCnI3GGDIrQI=
7,42,hpT3A4F7A0J+bJ7tYexNxWrKKlo=,ai/iUi3vDECRVg4l7noBSDu/42g=
9,43,hpT3A4F7A0J+bJ7tYexNxWrKKlo=,pWGgDUtm/78LQZej/TP1QxWhMb4=
5,42,hpT3A4F7A0J+bJ7tYexNxWrKKlo=,ai/iUi3vDECRVg4l7noBSDu/42g=
6,42,hpT3A4F7A0J+bJ7tYexNxWrKKlo=,ai/iUi3vDECRVg4l7noBSDu/42g=
3,43,hpT3A4F7A0J+bJ7tYexNxWrKKlo=,ai/iUi3vDECRVg4l7noBSDu/42g=
8,45,hpT3A4F7A0J+bJ7tYexNxWrKKlo=,pWGgDUtm/78LQZej/TP1QxWhMb4=
6,39,hpT3A4F7A0J+bJ7tYexNxWrKKlo=,X1ksuHWVXUW6RG0qCnI3GGDIrQI=
0,39,hpT3A4F7A0J+bJ7tYexNxWrKKlo=,X1ksuHWVXUW6RG0qCnI3GGDIrQI=
4,42,hpT3A4F7A0J+bJ7tYexNxWrKKlo=,ai/iUi3vDECRVg4l7noBSDu/42g=
3,42,hpT3A4F7A0J+bJ7tYexNxWrKKlo=,ai/iUi3vDECRVg4l7noBSDu/42g=
8,43,hpT3A4F7A0J+bJ7tYexNxWrKKlo=,pWGgDUtm/78LQZej/TP1QxWhMb4=
10,44,hpT3A4F7A0J+bJ7tYexNxWrKKlo=,pWGgDUtm/78LQZej/TP1QxWhMb4=
3,39,hpT3A4F7A0J+bJ7tYexNxWrKKlo=,X1ksuHWVXUW6RG0qCnI3GGDIrQI=
4,46,hpT3A4F7A0J+bJ7tYexNxWrKKlo=,ai/iUi3vDECRVg4l7noBSDu/42g=
3,44,hpT3A4F7A0J+bJ7tYexNxWrKKlo=,ai/iUi3vDECRVg4l7noBSDu/42g=
4,39,hpT3A4F7A0J+bJ7tYexNxWrKKlo=,X1ksuHWVXUW6RG0qCnI3GGDIrQI=
2,39,hpT3A4F7A0J+bJ7tYexNxWrKKlo=,X1ksuHWVXUW6RG0qCnI3GGDIrQI=
0,44,hpT3A4F7A0J+bJ7tYexNxWrKKlo=,ai/iUi3vDECRVg4l7noBSDu/42g=
9,44,hpT3A4F7A0J+bJ7tYexNxWrKKlo=,pWGgDUtm/78LQZej/TP1QxWhMb4=
3,46,hpT3A4F7A0J+bJ7tYexNxWrKKlo=,ai/iUi3vDECRVg4l7noBSDu/42g=
7,39,hpT3A4F7A0J+bJ7tYexNxWrKKlo=,X1ksuHWVXUW6RG0qCnI3GGDIrQI=
7,38,hpT3A4F7A0J+bJ7tYexNxWrKKlo=,X1ksuHWVXUW6RG0qCnI3GGDIrQI=
5,38,hpT3A4F7A0J+bJ7tYexNxWrKKlo=,X1ksuHWVXUW6RG0qCnI3GGDIrQI=
3,41,hpT3A4F7A0J+bJ7tYexNxWrKKlo=,ai/iUi3vDECRVg4l7noBSDu/42g=
1,44,hpT3A4F7A0J+bJ7tYexNxWrKKlo=,ai/iUi3vDECRVg4l7noBSDu/42g=
5,41,hpT3A4F7A0J+bJ7tYexNxWrKKlo=,ai/iUi3vDECRVg4l7noBSDu/42g=
6,38,hpT3A4F7A0J+bJ7tYexNxWrKKlo=,X1ksuHWVXUW6RG0qCnI3GGDIrQI=
4,43,hpT3A4F7A0J+bJ7tYexNxWrKKlo=,ai/iUi3vDECRVg4l7noBSDu/42g=
7,37,hpT3A4F7A0J+bJ7tYexNxWrKKlo=,X1ksuHWVXUW6RG0qCnI3GGDIrQI=
7,43,hpT3A4F7A0J+bJ7tYexNxWrKKlo=,ai/iUi3vDECRVg4l7noBSDu/42g=
3,38,hpT3A4F7A0J+bJ7tYexNxWrKKlo=,X1ksuHWVXUW6RG0qCnI3GGDIrQI=
0,43,hpT3A4F7A0J+bJ7tYexNxWrKKlo=,ai/iUi3vDECRVg4l7noBSDu/42g=
8,44,hpT3A4F7A0J+bJ7tYexNxWrKKlo=,pWGgDUtm/78LQZej/TP1QxWhMb4=
2,44,hpT3A4F7A0J+bJ7tYexNxWrKKlo=,ai/iUi3vDECRVg4l7noBSDu/42g=
4,38,hpT3A4F7A0J+bJ7tYexNxWrKKlo=,X1ksuHWVXUW6RG0qCnI3GGDIrQI=
6,43,hpT3A4F7A0J+bJ7tYexNxWrKKlo=,ai/iUi3vDECRVg4l7noBSDu/42g=
4,41,hpT3A4F7A0J+bJ7tYexNxWrKKlo=,ai/iUi3vDECRVg4l7noBSDu/42g=
5,43,hpT3A4F7A0J+bJ7tYexNxWrKKlo=,ai/iUi3vDECRVg4l7noBSDu/42g=
2,42,hpT3A4F7A0J+bJ7tYexNxWrKKlo=,ai/iUi3vDECRVg4l7noBSDu/42g=
1,42,hpT3A4F7A0J+bJ7tYexNxWrKKlo=,ai/iUi3vDECRVg4l7noBSDu/42g=
0,33,hpT3A4F7A0J+bJ7tYexNxWrKKlo=,X1ksuHWVXUW6RG0qCnI3GGDIrQI=
1,34,hpT3A4F7A0J+bJ7tYexNxWrKKlo=,X1ksuHWVXUW6RG0qCnI3GGDIrQI=
0,34,hpT3A4F7A0J+bJ7tYexNxWrKKlo=,X1ksuHWVXUW6RG0qCnI3GGDIrQI=
0,32,hpT3A4F7A0J+bJ7tYexNxWrKKlo=,X1ksuHWVXUW6RG0qCnI3GGDIrQI=
1,32,hpT3A4F7A0J+bJ7tYexNxWrKKlo=,X1ksuHWVXUW6RG0qCnI3GGDIrQI=
1,33,hpT3A4F7A0J+bJ7tYexNxWrKKlo=,X1ksuHWVXUW6RG0qCnI3GGDIrQI=
2,32,hpT3A4F7A0J+bJ7tYexNxWrKKlo=,X1ksuHWVXUW6RG0qCnI3GGDIrQI=
2,34,hpT3A4F7A0J+bJ7tYexNxWrKKlo=,X1ksuHWVXUW6RG0qCnI3GGDIrQI=
2,33,hpT3A4F7A0J+bJ7tYexNxWrKKlo=,X1ksuHWVXUW6RG0qCnI3GGDIrQI=
14,34,hpT3A4F7A0J+bJ7tYexNxWrKKlo=,VcKs02X2PBkM0aTVuEjW4zl4AAc=
14,33,hpT3A4F7A0J+bJ7tYexNxWrKKlo=,VcKs02X2PBkM0aTVuEjW4zl4AAc=
15,34,hpT3A4F7A0J+bJ7tYexNxWrKKlo=,VcKs02X2PBkM0aTVuEjW4zl4AAc=
13,34,hpT3A4F7A0J+bJ7tYexNxWrKKlo=,VcKs02X2PBkM0aTVuEjW4zl4AAc=
13,33,hpT3A4F7A0J+bJ7tYexNxWrKKlo=,VcKs02X2PBkM0aTVuEjW4zl4AAc=
15,33,hpT3A4F7A0J+bJ7tYexNxWrKKlo=,VcKs02X2PBkM0aTVuEjW4zl4AAc=
15,32,hpT3A4F7A0J+bJ7tYexNxWrKKlo=,VcKs02X2PBkM0aTVuEjW4zl4AAc=
14,32,hpT3A4F7A0J+bJ7tYexNxWrKKlo=,VcKs02X2PBkM0aTVuEjW4zl4AAc=
13,32,hpT3A4F7A0J+bJ7tYexNxWrKKlo=,VcKs02X2PBkM0aTVuEjW4zl4AAc=
1,47,hpT3A4F7A0J+bJ7tYexNxWrKKlo=,ai/iUi3vDECRVg4l7noBSDu/42g=
1,46,hpT3A4F7A0J+bJ7tYexNxWrKKlo=,ai/iUi3vDECRVg4l7noBSDu/42g=
0,47,hpT3A4F7A0J+bJ7tYexNxWrKKlo=,ai/iUi3vDECRVg4l7noBSDu/42g=
2,47,hpT3A4F7A0J+bJ7tYexNxWrKKlo=,ai/iUi3vDECRVg4l7noBSDu/42g=
2,45,hpT3A4F7A0J+bJ7tYexNxWrKKlo=,ai/iUi3vDECRVg4l7noBSDu/42g=
14,47,hpT3A4F7A0J+bJ7tYexNxWrKKlo=,pWGgDUtm/78LQZej/TP1QxWhMb4=
0,46,hpT3A4F7A0J+bJ7tYexNxWrKKlo=,ai/iUi3vDECRVg4l7noBSDu/42g=
14,46,hpT3A4F7A0J+bJ7tYexNxWrKKlo=,pWGgDUtm/78LQZej/TP1QxWhMb4=
2,46,hpT3A4F7A0J+bJ7tYexNxWrKKlo=,ai/iUi3vDECRVg4l7noBSDu/42g=
15,46,hpT3A4F7A0J+bJ7tYexNxWrKKlo=,pWGgDUtm/78LQZej/TP1QxWhMb4=
15,45,hpT3A4F7A0J+bJ7tYexNxWrKKlo=,pWGgDUtm/78LQZej/TP1QxWhMb4=
13,47,hpT3A4F7A0J+bJ7tYexNxWrKKlo=,pWGgDUtm/78LQZej/TP1QxWhMb4=
14,45,hpT3A4F7A0J+bJ7tYexNxWrKKlo=,pWGgDUtm/78LQZej/TP1QxWhMb4=
15,47,hpT3A4F7A0J+bJ7tYexNxWrKKlo=,pWGgDUtm/78LQZej/TP1QxWhMb4=
13,46,hpT3A4F7A0J+bJ7tYexNxWrKKlo=,pWGgDUtm/78LQZej/TP1QxWhMb4=
13,45,hpT3A4F7A0J+bJ7tYexNxWrKKlo=,pWGgDUtm/78LQZej/TP1QxWhMb4=
1,45,hpT3A4F7A0J+bJ7tYexNxWrKKlo=,ai/iUi3vDECRVg4l7noBSDu/42g=
0,45,hpT3A4F7A0J+bJ7tYexNxWrKKlo=,ai/iUi3vDECRVg4l7noBSDu/42g=
12,53,hpT3A4F7A0J+bJ7tYexNxWrKKlo=,InRxNB8EQp7mjtWxCmPx6HlrnUE=
11,55,hpT3A4F7A0J+bJ7tYexNxWrKKlo=,InRxNB8EQp7mjtWxCmPx6HlrnUE=
12,55,hpT3A4F7A0J+bJ7tYexNxWrKKlo=,InRxNB8EQp7mjtWxCmPx6HlrnUE=
13,50,f54vaZCgsq7l/Fr44Lg3BYIEQZ4=,InRxNB8EQp7mjtWxCmPx6HlrnUE=
11,54,hpT3A4F7A0J+bJ7tYexNxWrKKlo=,InRxNB8EQp7mjtWxCmPx6HlrnUE=
14,50,f54vaZCgsq7l/Fr44Lg3BYIEQZ4=,InRxNB8EQp7mjtWxCmPx6HlrnUE=
15,50,f54vaZCgsq7l/Fr44Lg3BYIEQZ4=,InRxNB8EQp7mjtWxCmPx6HlrnUE=
13,48,f54vaZCgsq7l/Fr44Lg3BYIEQZ4=,InRxNB8EQp7mjtWxCmPx6HlrnUE=
14,48,f54vaZCgsq7l/Fr44Lg3BYIEQZ4=,InRxNB8EQp7mjtWxCmPx6HlrnUE=
13,49,f54vaZCgsq7l/Fr44Lg3BYIEQZ4=,InRxNB8EQp7mjtWxCmPx6HlrnUE=
15,48,f54vaZCgsq7l/Fr44Lg3BYIEQZ4=,InRxNB8EQp7mjtWxCmPx6HlrnUE=
14,49,f54vaZCgsq7l/Fr44Lg3BYIEQZ4=,InRxNB8EQp7mjtWxCmPx6HlrnUE=
15,49,f54vaZCgsq7l/Fr44Lg3BYIEQZ4=,InRxNB8EQp7mjtWxCmPx6HlrnUE=
11,53,hpT3A4F7A0J+bJ7tYexNxWrKKlo=,InRxNB8EQp7mjtWxCmPx6HlrnUE=
11,50,f54vaZCgsq7l/Fr44Lg3BYIEQZ4=,InRxNB8EQp7mjtWxCmPx6HlrnUE=
15,52,hpT3A4F7A0J+bJ7tYexNxWrKKlo=,InRxNB8EQp7mjtWxCmPx6HlrnUE=
11,49,f54vaZCgsq7l/Fr44Lg3BYIEQZ4=,InRxNB8EQp7mjtWxCmPx6HlrnUE=
12,48,f54vaZCgsq7l/Fr44Lg3BYIEQZ4=,InRxNB8EQp7mjtWxCmPx6HlrnUE=
11,48,f54vaZCgsq7l/Fr44Lg3BYIEQZ4=,InRxNB8EQp7mjtWxCmPx6HlrnUE=
14,52,hpT3A4F7A0J+bJ7tYexNxWrKKlo=,InRxNB8EQp7mjtWxCmPx6HlrnUE=
13,52,hpT3A4F7A0J+bJ7tYexNxWrKKlo=,InRxNB8EQp7mjtWxCmPx6HlrnUE=
12,52,hpT3A4F7A0J+bJ7tYexNxWrKKlo=,InRxNB8EQp7mjtWxCmPx6HlrnUE=
12,49,f54vaZCgsq7l/Fr44Lg3BYIEQZ4=,InRxNB8EQp7mjtWxCmPx6HlrnUE=
11,52,hpT3A4F7A0J+bJ7tYexNxWrKKlo=,InRxNB8EQp7mjtWxCmPx6HlrnUE=
15,51,hpT3A4F7A0J+bJ7tYexNxWrKKlo=,InRxNB8EQp7mjtWxCmPx6HlrnUE=
13,51,hpT3A4F7A0J+bJ7tYexNxWrKKlo=,InRxNB8EQp7mjtWxCmPx6HlrnUE=
12,51,hpT3A4F7A0J+bJ7tYexNxWrKKlo=,InRxNB8EQp7mjtWxCmPx6HlrnUE=
14,51,hpT3A4F7A0J+bJ7tYexNxWrKKlo=,InRxNB8EQp7mjtWxCmPx6HlrnUE=
11,51,hpT3A4F7A0J+bJ7tYexNxWrKKlo=,InRxNB8EQp7mjtWxCmPx6HlrnUE=
12,54,hpT3A4F7A0J+bJ7tYexNxWrKKlo=,InRxNB8EQp7mjtWxCmPx6HlrnUE=
12,50,f54vaZCgsq7l/Fr44Lg3BYIEQZ4=,InRxNB8EQp7mjtWxCmPx6HlrnUE=
2,51,f54vaZCgsq7l/Fr44Lg3BYIEQZ4=,qcc4Wic6WXrLJ7xWXd5M9mLbVjk=
2,55,f54vaZCgsq7l/Fr44Lg3BYIEQZ4=,qcc4Wic6WXrLJ7xWXd5M9mLbVjk=
1,51,f54vaZCgsq7l/Fr44Lg3BYIEQZ4=,qcc4Wic6WXrLJ7xWXd5M9mLbVjk=
2,52,f54vaZCgsq7l/Fr44Lg3BYIEQZ4=,qcc4Wic6WXrLJ7xWXd5M9mLbVjk=
3,55,f54vaZCgsq7l/Fr44Lg3BYIEQZ4=,qcc4Wic6WXrLJ7xWXd5M9mLbVjk=
9,50,f54vaZCgsq7l/Fr44Lg3BYIEQZ4=,InRxNB8EQp7mjtWxCmPx6HlrnUE=
10,50,f54vaZCgsq7l/Fr44Lg3BYIEQZ4=,InRxNB8EQp7mjtWxCmPx6HlrnUE=
3,52,f54vaZCgsq7l/Fr44Lg3BYIEQZ4=,qcc4Wic6WXrLJ7xWXd5M9mLbVjk=
7,49,f54vaZCgsq7l/Fr44Lg3BYIEQZ4=,qcc4Wic6WXrLJ7xWXd5M9mLbVjk=
8,50,f54vaZCgsq7l/Fr44Lg3BYIEQZ4=,InRxNB8EQp7mjtWxCmPx6HlrnUE=
0,55,f54vaZCgsq7l/Fr44Lg3BYIEQZ4=,qcc4Wic6WXrLJ7xWXd5M9mLbVjk=
7,54,f54vaZCgsq7l/Fr44Lg3BYIEQZ4=,qcc4Wic6WXrLJ7xWXd5M9mLbVjk=
8,55,f54vaZCgsq7l/Fr44Lg3BYIEQZ4=,InRxNB8EQp7mjtWxCmPx6HlrnUE=
1,55,f54vaZCgsq7l/Fr44Lg3BYIEQZ4=,qcc4Wic6WXrLJ7xWXd5M9mLbVjk=
6,54,f54vaZCgsq7l/Fr44Lg3BYIEQZ4=,qcc4Wic6WXrLJ7xWXd5M9mLbVjk=
6,49,f54vaZCgsq7l/Fr44Lg3BYIEQZ4=,qcc4Wic6WXrLJ7xWXd5M9mLbVjk=
4,52,f54vaZCgsq7l/Fr44Lg3BYIEQZ4=,qcc4Wic6WXrLJ7xWXd5M9mLbVjk=
9,53,f54vaZCgsq7l/Fr44Lg3BYIEQZ4=,InRxNB8EQp7mjtWxCmPx6HlrnUE=
10,53,f54vaZCgsq7l/Fr44Lg3BYIEQZ4=,InRxNB8EQp7mjtWxCmPx6HlrnUE=
4,49,f54vaZCgsq7l/Fr44Lg3BYIEQZ4=,qcc4Wic6WXrLJ7xWXd5M9mLbVjk=
5,52,f54vaZCgsq7l/Fr44Lg3BYIEQZ4=,qcc4Wic6WXrLJ7xWXd5M9mLbVjk=
5,54,f54vaZCgsq7l/Fr44Lg3BYIEQZ4=,qcc4Wic6WXrLJ7xWXd5M9mLbVjk=
8,53,f54vaZCgsq7l/Fr44Lg3BYIEQZ4=,InRxNB8EQp7mjtWxCmPx6HlrnUE=
4,54,f54vaZCgsq7l/Fr44Lg3BYIEQZ4=,qcc4Wic6WXrLJ7xWXd5M9mLbVjk=
10,49,f54vaZCgsq7l/Fr44Lg3BYIEQZ4=,InRxNB8EQp7mjtWxCmPx6HlrnUE=
5,49,f54vaZCgsq7l/Fr44Lg3BYIEQZ4=,qcc4Wic6WXrLJ7xWXd5M9mLbVjk=
8,49,f54vaZCgsq7l/Fr44Lg3BYIEQZ4=,InRxNB8EQp7mjtWxCmPx6HlrnUE=
3,49,f54vaZCgsq7l/Fr44Lg3BYIEQZ4=,qcc4Wic6WXrLJ7xWXd5M9mLbVjk=
2,54,f54vaZCgsq7l/Fr44Lg3BYIEQZ4=,qcc4Wic6WXrLJ7xWXd5M9mLbVjk=
3,54,f54vaZCgsq7l/Fr44Lg3BYIEQZ4=,qcc4Wic6WXrLJ7xWXd5M9mLbVjk=
6,52,f54vaZCgsq7l/Fr44Lg3BYIEQZ4=,qcc4Wic6WXrLJ7xWXd5M9mLbVjk=
1,54,f54vaZCgsq7l/Fr44Lg3BYIEQZ4=,qcc4Wic6WXrLJ7xWXd5M9mLbVjk=
0,52,f54vaZCgsq7l/Fr44Lg3BYIEQZ4=,qcc4Wic6WXrLJ7xWXd5M9mLbVjk=
1,52,f54vaZCgsq7l/Fr44Lg3BYIEQZ4=,qcc4Wic6WXrLJ7xWXd5M9mLbVjk=
9,55,f54vaZCgsq7l/Fr44Lg3BYIEQZ4=,InRxNB8EQp7mjtWxCmPx6HlrnUE=
10,55,f54vaZCgsq7l/Fr44Lg3BYIEQZ4=,InRxNB8EQp7mjtWxCmPx6HlrnUE=
7,53,f54vaZCgsq7l/Fr44Lg3BYIEQZ4=,qcc4Wic6WXrLJ7xWXd5M9mLbVjk=
0,54,f54vaZCgsq7l/Fr44Lg3BYIEQZ4=,qcc4Wic6WXrLJ7xWXd5M9mLbVjk=
9,49,f54vaZCgsq7l/Fr44Lg3BYIEQZ4=,InRxNB8EQp7mjtWxCmPx6HlrnUE=
10,48,f54vaZCgsq7l/Fr44Lg3BYIEQZ4=,InRxNB8EQp7mjtWxCmPx6HlrnUE=
7,51,f54vaZCgsq7l/Fr44Lg3BYIEQZ4=,qcc4Wic6WXrLJ7xWXd5M9mLbVjk=
6,48,f54vaZCgsq7l/Fr44Lg3BYIEQZ4=,qcc4Wic6WXrLJ7xWXd5M9mLbVjk=
3,51,f54vaZCgsq7l/Fr44Lg3BYIEQZ4=,qcc4Wic6WXrLJ7xWXd5M9mLbVjk=
9,54,f54vaZCgsq7l/Fr44Lg3BYIEQZ4=,InRxNB8EQp7mjtWxCmPx6HlrnUE=
8,54,f54vaZCgsq7l/Fr44Lg3BYIEQZ4=,InRxNB8EQp7mjtWxCmPx6HlrnUE=
9,48,f54vaZCgsq7l/Fr44Lg3BYIEQZ4=,InRxNB8EQp7mjtWxCmPx6HlrnUE=
6,53,f54vaZCgsq7l/Fr44Lg3BYIEQZ4=,qcc4Wic6WXrLJ7xWXd5M9mLbVjk=
10,52,f54vaZCgsq7l/Fr44Lg3BYIEQZ4=,InRxNB8EQp7mjtWxCmPx6HlrnUE=
4,51,f54vaZCgsq7l/Fr44Lg3BYIEQZ4=,qcc4Wic6WXrLJ7xWXd5M9mLbVjk=
7,48,f54vaZCgsq7l/Fr44Lg3BYIEQZ4=,qcc4Wic6WXrLJ7xWXd5M9mLbVjk=
8,48,f54vaZCgsq7l/Fr44Lg3BYIEQZ4=,InRxNB8EQp7mjtWxCmPx6HlrnUE=
0,51,f54vaZCgsq7l/Fr44Lg3BYIEQZ4=,qcc4Wic6WXrLJ7xWXd5M9mLbVjk=
9,52,f54vaZCgsq7l/Fr44Lg3BYIEQZ4=,InRxNB8EQp7mjtWxCmPx6HlrnUE=
5,48,f54vaZCgsq7l/Fr44Lg3BYIEQZ4=,qcc4Wic6WXrLJ7xWXd5M9mLbVjk=
4,53,f54vaZCgsq7l/Fr44Lg3BYIEQZ4=,qcc4Wic6WXrLJ7xWXd5M9mLbVjk=
5,53,f54vaZCgsq7l/Fr44Lg3BYIEQZ4=,qcc4Wic6WXrLJ7xWXd5M9mLbVjk=
7,55,f54vaZCgsq7l/Fr44Lg3BYIEQZ4=,qcc4Wic6WXrLJ7xWXd5M9mLbVjk=
8,52,f54vaZCgsq7l/Fr44Lg3BYIEQZ4=,InRxNB8EQp7mjtWxCmPx6HlrnUE=
5,51,f54vaZCgsq7l/Fr44Lg3BYIEQZ4=,qcc4Wic6WXrLJ7xWXd5M9mLbVjk=
6,55,f54vaZCgsq7l/Fr44Lg3BYIEQZ4=,qcc4Wic6WXrLJ7xWXd5M9mLbVjk=
4,48,f54vaZCgsq7l/Fr44Lg3BYIEQZ4=,qcc4Wic6WXrLJ7xWXd5M9mLbVjk=
7,50,f54vaZCgsq7l/Fr44Lg3BYIEQZ4=,qcc4Wic6WXrLJ7xWXd5M9mLbVjk=
10,54,f54vaZCgsq7l/Fr44Lg3BYIEQZ4=,InRxNB8EQp7mjtWxCmPx6HlrnUE=
3,48,f54vaZCgsq7l/Fr44Lg3BYIEQZ4=,qcc4Wic6WXrLJ7xWXd5M9mLbVjk=
6,50,f54vaZCgsq7l/Fr44Lg3BYIEQZ4=,qcc4Wic6WXrLJ7xWXd5M9mLbVjk=
10,51,f54vaZCgsq7l/Fr44Lg3BYIEQZ4=,InRxNB8EQp7mjtWxCmPx6HlrnUE=
9,51,f54vaZCgsq7l/Fr44Lg3BYIEQZ4=,InRxNB8EQp7mjtWxCmPx6HlrnUE=
2,53,f54vaZCgsq7l/Fr44Lg3BYIEQZ4=,qcc4Wic6WXrLJ7xWXd5M9mLbVjk=
3,53,f54vaZCgsq7l/Fr44Lg3BYIEQZ4=,qcc4Wic6WXrLJ7xWXd5M9mLbVjk=
8,51,f54vaZCgsq7l/Fr44Lg3BYIEQZ4=,InRxNB8EQp7mjtWxCmPx6HlrnUE=
7,52,f54vaZCgsq7l/Fr44Lg3BYIEQZ4=,qcc4Wic6WXrLJ7xWXd5M9mLbVjk=
6,51,f54vaZCgsq7l/Fr44Lg3BYIEQZ4=,qcc4Wic6WXrLJ7xWXd5M9mLbVjk=
5,50,f54vaZCgsq7l/Fr44Lg3BYIEQZ4=,qcc4Wic6WXrLJ7xWXd5M9mLbVjk=
0,53,f54vaZCgsq7l/Fr44Lg3BYIEQZ4=,qcc4Wic6WXrLJ7xWXd5M9mLbVjk=
4,55,f54vaZCgsq7l/Fr44Lg3BYIEQZ4=,qcc4Wic6WXrLJ7xWXd5M9mLbVjk=
3,50,f54vaZCgsq7l/Fr44Lg3BYIEQZ4=,qcc4Wic6WXrLJ7xWXd5M9mLbVjk=
4,50,f54vaZCgsq7l/Fr44Lg3BYIEQZ4=,qcc4Wic6WXrLJ7xWXd5M9mLbVjk=
1,53,f54vaZCgsq7l/Fr44Lg3BYIEQZ4=,qcc4Wic6WXrLJ7xWXd5M9mLbVjk=
1,50,f54vaZCgsq7l/Fr44Lg3BYIEQZ4=,qcc4Wic6WXrLJ7xWXd5M9mLbVjk=
0,50,f54vaZCgsq7l/Fr44Lg3BYIEQZ4=,qcc4Wic6WXrLJ7xWXd5M9mLbVjk=
5,55,f54vaZCgsq7l/Fr44Lg3BYIEQZ4=,qcc4Wic6WXrLJ7xWXd5M9mLbVjk=
0,49,f54vaZCgsq7l/Fr44Lg3BYIEQZ4=,qcc4Wic6WXrLJ7xWXd5M9mLbVjk=
2,49,f54vaZCgsq7l/Fr44Lg3BYIEQZ4=,qcc4Wic6WXrLJ7xWXd5M9mLbVjk=
1,48,f54vaZCgsq7l/Fr44Lg3BYIEQZ4=,qcc4Wic6WXrLJ7xWXd5M9mLbVjk=
2,48,f54vaZCgsq7l/Fr44Lg3BYIEQZ4=,qcc4Wic6WXrLJ7xWXd5M9mLbVjk=
1,49,f54vaZCgsq7l/Fr44Lg3BYIEQZ4=,qcc4Wic6WXrLJ7xWXd5M9mLbVjk=
2,50,f54vaZCgsq7l/Fr44Lg3BYIEQZ4=,qcc4Wic6WXrLJ7xWXd5M9mLbVjk=
0,48,f54vaZCgsq7l/Fr44Lg3BYIEQZ4=,qcc4Wic6WXrLJ7xWXd5M9mLbVjk=
15,53,f54vaZCgsq7l/Fr44Lg3BYIEQZ4=,InRxNB8EQp7mjtWxCmPx6HlrnUE=
14,54,f54vaZCgsq7l/Fr44Lg3BYIEQZ4=,InRxNB8EQp7mjtWxCmPx6HlrnUE=
14,55,f54vaZCgsq7l/Fr44Lg3BYIEQZ4=,InRxNB8EQp7mjtWxCmPx6HlrnUE=
14,53,f54vaZCgsq7l/Fr44Lg3BYIEQZ4=,InRxNB8EQp7mjtWxCmPx6HlrnUE=
15,55,f54vaZCgsq7l/Fr44Lg3BYIEQZ4=,InRxNB8EQp7mjtWxCmPx6HlrnUE=
15,54,f54vaZCgsq7l/Fr44Lg3BYIEQZ4=,InRxNB8EQp7mjtWxCmPx6HlrnUE=
13,55,f54vaZCgsq7l/Fr44Lg3BYIEQZ4=,InRxNB8EQp7mjtWxCmPx6HlrnUE=
13,54,f54vaZCgsq7l/Fr44Lg3BYIEQZ4=,InRxNB8EQp7mjtWxCmPx6HlrnUE=
13,53,f54vaZCgsq7l/Fr44Lg3BYIEQZ4=,InRxNB8EQp7mjtWxCmPx6HlrnUE=
20,39,efchl2ysxKOxVM9ERQ7WERM+96E=,oKm5ajjb6m/kd16D8ZlMRVmzdqg=
20,36,efchl2ysxKOxVM9ERQ7WERM+96E=,oKm5ajjb6m/kd16D8ZlMRVmzdqg=
19,35,efchl2ysxKOxVM9ERQ7WERM+96E=,oKm5ajjb6m/kd16D8ZlMRVmzdqg=
20,35,efchl2ysxKOxVM9ERQ7WERM+96E=,oKm5ajjb6m/kd16D8ZlMRVmzdqg=
19,37,efchl2ysxKOxVM9ERQ7WERM+96E=,oKm5ajjb6m/kd16D8ZlMRVmzdqg=
20,37,efchl2ysxKOxVM9ERQ7WERM+96E=,oKm5ajjb6m/kd16D8ZlMRVmzdqg=
19,36,efchl2ysxKOxVM9ERQ7WERM+96E=,oKm5ajjb6m/kd16D8ZlMRVmzdqg=
19,38,efchl2ysxKOxVM9ERQ7WERM+96E=,oKm5ajjb6m/kd16D8ZlMRVmzdqg=
20,38,efchl2ysxKOxVM9ERQ7WERM+96E=,oKm5ajjb6m/kd16D8ZlMRVmzdqg=
19,39,efchl2ysxKOxVM9ERQ7WERM+96E=,oKm5ajjb6m/kd16D8ZlMRVmzdqg=
19,33,efchl2ysxKOxVM9ERQ7WERM+96E=,oKm5ajjb6m/kd16D8ZlMRVmzdqg=
16,36,efchl2ysxKOxVM9ERQ7WERM+96E=,oKm5ajjb6m/kd16D8ZlMRVmzdqg=
17,36,efchl2ysxKOxVM9ERQ7WERM+96E=,oKm5ajjb6m/kd16D8ZlMRVmzdqg=
18,36,efchl2ysxKOxVM9ERQ7WERM+96E=,oKm5ajjb6m/kd16D8ZlMRVmzdqg=
16,35,efchl2ysxKOxVM9ERQ7WERM+96E=,oKm5ajjb6m/kd16D8ZlMRVmzdqg=
17,35,efchl2ysxKOxVM9ERQ7WERM+96E=,oKm5ajjb6m/kd16D8ZlMRVmzdqg=
18,35,efchl2ysxKOxVM9ERQ7WERM+96E=,oKm5ajjb6m/kd16D8ZlMRVmzdqg=
20,33,efchl2ysxKOxVM9ERQ7WERM+96E=,oKm5ajjb6m/kd16D8ZlMRVmzdqg=
19,32,efchl2ysxKOxVM9ERQ7WERM+96E=,oKm5ajjb6m/kd16D8ZlMRVmzdqg=
20,32,efchl2ysxKOxVM9ERQ7WERM+96E=,oKm5ajjb6m/kd16D8ZlMRVmzdqg=
19,34,efchl2ysxKOxVM9ERQ7WERM+96E=,oKm5ajjb6m/kd16D8ZlMRVmzdqg=
20,34,efchl2ysxKOxVM9ERQ7WERM+96E=,oKm5ajjb6m/kd16D8ZlMRVmzdqg=
16,37,efchl2ysxKOxVM9ERQ7WERM+96E=,oKm5ajjb6m/kd16D8ZlMRVmzdqg=
17,37,efchl2ysxKOxVM9ERQ7WERM+96E=,oKm5ajjb6m/kd16D8ZlMRVmzdqg=
18,37,efchl2ysxKOxVM9ERQ7WERM+96E=,oKm5ajjb6m/kd16D8ZlMRVmzdqg=
16,38,efchl2ysxKOxVM9ERQ7WERM+96E=,oKm5ajjb6m/kd16D8ZlMRVmzdqg=
17,38,efchl2ysxKOxVM9ERQ7WERM+96E=,oKm5ajjb6m/kd16D8ZlMRVmzdqg=
18,38,efchl2ysxKOxVM9ERQ7WERM+96E=,oKm5ajjb6m/kd16D8ZlMRVmzdqg=
16,39,efchl2ysxKOxVM9ERQ7WERM+96E=,oKm5ajjb6m/kd16D8ZlMRVmzdqg=
17,39,efchl2ysxKOxVM9ERQ7WERM+96E=,oKm5ajjb6m/kd16D8ZlMRVmzdqg=
18,39,efchl2ysxKOxVM9ERQ7WERM+96E=,oKm5ajjb6m/kd16D8ZlMRVmzdqg=
17,33,efchl2ysxKOxVM9ERQ7WERM+96E=,oKm5ajjb6m/kd16D8ZlMRVmzdqg=
18,33,efchl2ysxKOxVM9ERQ7WERM+96E=,oKm5ajjb6m/kd16D8ZlMRVmzdqg=
16,32,efchl2ysxKOxVM9ERQ7WERM+96E=,oKm5ajjb6m/kd16D8ZlMRVmzdqg=
17,32,efchl2ysxKOxVM9ERQ7WERM+96E=,oKm5ajjb6m/kd16D8ZlMRVmzdqg=
18,32,efchl2ysxKOxVM9ERQ7WERM+96E=,oKm5ajjb6m/kd16D8ZlMRVmzdqg=
16,33,efchl2ysxKOxVM9ERQ7WERM+96E=,oKm5ajjb6m/kd16D8ZlMRVmzdqg=
18,34,efchl2ysxKOxVM9ERQ7WERM+96E=,oKm5ajjb6m/kd16D8ZlMRVmzdqg=
16,34,efchl2ysxKOxVM9ERQ7WERM+96E=,oKm5ajjb6m/kd16D8ZlMRVmzdqg=
17,34,efchl2ysxKOxVM9ERQ7WERM+96E=,oKm5ajjb6m/kd16D8ZlMRVmzdqg=
26,35,XdOlwLQ24/Hw415gGl/ODr3t5uE=,tu8mbj51M8iwTsm8Mw42XPjtW5c=
21,39,XdOlwLQ24/Hw415gGl/ODr3t5uE=,oKm5ajjb6m/kd16D8ZlMRVmzdqg=
21,36,XdOlwLQ24/Hw415gGl/ODr3t5uE=,oKm5ajjb6m/kd16D8ZlMRVmzdqg=
26,38,XdOlwLQ24/Hw415gGl/ODr3t5uE=,tu8mbj51M8iwTsm8Mw42XPjtW5c=
27,38,XdOlwLQ24/Hw415gGl/ODr3t5uE=,tu8mbj51M8iwTsm8Mw42XPjtW5c=
27,35,XdOlwLQ24/Hw415gGl/ODr3t5uE=,tu8mbj51M8iwTsm8Mw42XPjtW5c=
28,35,XdOlwLQ24/Hw415gGl/ODr3t5uE=,tu8mbj51M8iwTsm8Mw42XPjtW5c=
29,35,XdOlwLQ24/Hw415gGl/ODr3t5uE=,tu8mbj51M8iwTsm8Mw42XPjtW5c=
25,38,XdOlwLQ24/Hw415gGl/ODr3t5uE=,tu8mbj51M8iwTsm8Mw42XPjtW5c=
24,38,XdOlwLQ24/Hw415gGl/ODr3t5uE=,tu8mbj51M8iwTsm8Mw42XPjtW5c=
27,34,XdOlwLQ24/Hw415gGl/ODr3t5uE=,tu8mbj51M8iwTsm8Mw42XPjtW5c=
26,34,XdOlwLQ24/Hw415gGl/ODr3t5uE=,tu8mbj51M8iwTsm8Mw42XPjtW5c=
31,37,XdOlwLQ24/Hw415gGl/ODr3t5uE=,tu8mbj51M8iwTsm8Mw42XPjtW5c=
23,38,XdOlwLQ24/Hw415gGl/ODr3t5uE=,oKm5ajjb6m/kd16D8ZlMRVmzdqg=
31,33,XdOlwLQ24/Hw415gGl/ODr3t5uE=,tu8mbj51M8iwTsm8Mw42XPjtW5c=
22,38,XdOlwLQ24/Hw415gGl/ODr3t5uE=,oKm5ajjb6m/kd16D8ZlMRVmzdqg=
30,37,XdOlwLQ24/Hw415gGl/ODr3t5uE=,tu8mbj51M8iwTsm8Mw42XPjtW5c=
21,38,XdOlwLQ24/Hw415gGl/ODr3t5uE=,oKm5ajjb6m/kd16D8ZlMRVmzdqg=
29,37,XdOlwLQ24/Hw415gGl/ODr3t5uE=,tu8mbj51M8iwTsm8Mw42XPjtW5c=
24,34,XdOlwLQ24/Hw415gGl/ODr3t5uE=,tu8mbj51M8iwTsm8Mw42XPjtW5c=
25,34,XdOlwLQ24/Hw415gGl/ODr3t5uE=,tu8mbj51M8iwTsm8Mw42XPjtW5c=
28,37,XdOlwLQ24/Hw415gGl/ODr3t5uE=,tu8mbj51M8iwTsm8Mw42XPjtW5c=
27,37,XdOlwLQ24/Hw415gGl/ODr3t5uE=,tu8mbj51M8iwTsm8Mw42XPjtW5c=
22,34,XdOlwLQ24/Hw415gGl/ODr3t5uE=,oKm5ajjb6m/kd16D8ZlMRVmzdqg=
23,34,XdOlwLQ24/Hw415gGl/ODr3t5uE=,oKm5ajjb6m/kd16D8ZlMRVmzdqg=
21,34,XdOlwLQ24/Hw415gGl/ODr3t5uE=,oKm5ajjb6m/kd16D8ZlMRVmzdqg=
30,33,XdOlwLQ24/Hw415gGl/ODr3t5uE=,tu8mbj51M8iwTsm8Mw42XPjtW5c=
23,37,XdOlwLQ24/Hw415gGl/ODr3t5uE=,oKm5ajjb6m/kd16D8ZlMRVmzdqg=
22,37,XdOlwLQ24/Hw415gGl/ODr3t5uE=,oKm5ajjb6m/kd16D8ZlMRVmzdqg=
26,37,XdOlwLQ24/Hw415gGl/ODr3t5uE=,tu8mbj51M8iwTsm8Mw42XPjtW5c=
31,39,XdOlwLQ24/Hw415gGl/ODr3t5uE=,tu8mbj51M8iwTsm8Mw42XPjtW5c=
23,33,XdOlwLQ24/Hw415gGl/ODr3t5uE=,oKm5ajjb6m/kd16D8ZlMRVmzdqg=
29,33,XdOlwLQ24/Hw415gGl/ODr3t5uE=,tu8mbj51M8iwTsm8Mw42XPjtW5c=
30,39,XdOlwLQ24/Hw415gGl/ODr3t5uE=,tu8mbj51M8iwTsm8Mw42XPjtW5c=
28,33,XdOlwLQ24/Hw415gGl/ODr3t5uE=,tu8mbj51M8iwTsm8Mw42XPjtW5c=
29,39,XdOlwLQ24/Hw415gGl/ODr3t5uE=,tu8mbj51M8iwTsm8Mw42XPjtW5c=
28,39,XdOlwLQ24/Hw415gGl/ODr3t5uE=,tu8mbj51M8iwTsm8Mw42XPjtW5c=
27,39,XdOlwLQ24/Hw415gGl/ODr3t5uE=,tu8mbj51M8iwTsm8Mw42XPjtW5c=
21,37,XdOlwLQ24/Hw415gGl/ODr3t5uE=,oKm5ajjb6m/kd16D8ZlMRVmzdqg=
31,32,XdOlwLQ24/Hw415gGl/ODr3t5uE=,tu8mbj51M8iwTsm8Mw42XPjtW5c=
26,39,XdOlwLQ24/Hw415gGl/ODr3t5uE=,tu8mbj51M8iwTsm8Mw42XPjtW5c=
25,39,XdOlwLQ24/Hw415gGl/ODr3t5uE=,tu8mbj51M8iwTsm8Mw42XPjtW5c=
25,35,XdOlwLQ24/Hw415gGl/ODr3t5uE=,tu8mbj51M8iwTsm8Mw42XPjtW5c=
22,32,XdOlwLQ24/Hw415gGl/ODr3t5uE=,oKm5ajjb6m/kd16D8ZlMRVmzdqg=
24,35,XdOlwLQ24/Hw415gGl/ODr3t5uE=,tu8mbj51M8iwTsm8Mw42XPjtW5c=
23,35,XdOlwLQ24/Hw415gGl/ODr3t5uE=,oKm5ajjb6m/kd16D8ZlMRVmzdqg=
22,35,XdOlwLQ24/Hw415gGl/ODr3t5uE=,oKm5ajjb6m/kd16D8ZlMRVmzdqg=
21,32,XdOlwLQ24/Hw415gGl/ODr3t5uE=,oKm5ajjb6m/kd16D8ZlMRVmzdqg=
21,35,XdOlwLQ24/Hw415gGl/ODr3t5uE=,oKm5ajjb6m/kd16D8ZlMRVmzdqg=
31,34,XdOlwLQ24/Hw415gGl/ODr3t5uE=,tu8mbj51M8iwTsm8Mw42XPjtW5c=
22,33,XdOlwLQ24/Hw415gGl/ODr3t5uE=,oKm5ajjb6m/kd16D8ZlMRVmzdqg=
21,33,XdOlwLQ24/Hw415gGl/ODr3t5uE=,oKm5ajjb6m/kd16D8ZlMRVmzdqg=
25,33,XdOlwLQ24/Hw415gGl/ODr3t5uE=,tu8mbj51M8iwTsm8Mw42XPjtW5c=
30,34,XdOlwLQ24/Hw415gGl/ODr3t5uE=,tu8mbj51M8iwTsm8Mw42XPjtW5c=
30,32,XdOlwLQ24/Hw415gGl/ODr3t5uE=,tu8mbj51M8iwTsm8Mw42XPjtW5c=
24,33,XdOlwLQ24/Hw415gGl/ODr3t5uE=,tu8mbj51M8iwTsm8Mw42XPjtW5c=
24,39,XdOlwLQ24/Hw415gGl/ODr3t5uE=,tu8mbj51M8iwTsm8Mw42XPjtW5c=
26,33,XdOlwLQ24/Hw415gGl/ODr3t5uE=,tu8mbj51M8iwTsm8Mw42XPjtW5c=
29,34,XdOlwLQ24/Hw415gGl/ODr3t5uE=,tu8mbj51M8iwTsm8Mw42XPjtW5c=
23,32,XdOlwLQ24/Hw415gGl/ODr3t5uE=,oKm5ajjb6m/kd16D8ZlMRVmzdqg=
28,34,XdOlwLQ24/Hw415gGl/ODr3t5uE=,tu8mbj51M8iwTsm8Mw42XPjtW5c=
27,33,XdOlwLQ24/Hw415gGl/ODr3t5uE=,tu8mbj51M8iwTsm8Mw42XPjtW5c=
23,39,XdOlwLQ24/Hw415gGl/ODr3t5uE=,oKm5ajjb6m/kd16D8ZlMRVmzdqg=
25,37,XdOlwLQ24/Hw415gGl/ODr3t5uE=,tu8mbj51M8iwTsm8Mw42XPjtW5c=
22,39,XdOlwLQ24/Hw415gGl/ODr3t5uE=,oKm5ajjb6m/kd16D8ZlMRVmzdqg=
23,36,XdOlwLQ24/Hw415gGl/ODr3t5uE=,oKm5ajjb6m/kd16D8ZlMRVmzdqg=
24,37,XdOlwLQ24/Hw415gGl/ODr3t5uE=,tu8mbj51M8iwTsm8Mw42XPjtW5c=
31,36,XdOlwLQ24/Hw415gGl/ODr3t5uE=,tu8mbj51M8iwTsm8Mw42XPjtW5c=
31,38,XdOlwLQ24/Hw415gGl/ODr3t5uE=,tu8mbj51M8iwTsm8Mw42XPjtW5c=
29,32,XdOlwLQ24/Hw415gGl/ODr3t5uE=,tu8mbj51M8iwTsm8Mw42XPjtW5c=
28,32,XdOlwLQ24/Hw415gGl/ODr3t5uE=,tu8mbj51M8iwTsm8Mw42XPjtW5c=
24,32,XdOlwLQ24/Hw415gGl/ODr3t5uE=,tu8mbj51M8iwTsm8Mw42XPjtW5c=
30,36,XdOlwLQ24/Hw415gGl/ODr3t5uE=,tu8mbj51M8iwTsm8Mw42XPjtW5c=
29,36,XdOlwLQ24/Hw415gGl/ODr3t5uE=,tu8mbj51M8iwTsm8Mw42XPjtW5c=
28,36,XdOlwLQ24/Hw415gGl/ODr3t5uE=,tu8mbj51M8iwTsm8Mw42XPjtW5c=
22,36,XdOlwLQ24/Hw415gGl/ODr3t5uE=,oKm5ajjb6m/kd16D8ZlMRVmzdqg=
30,38,XdOlwLQ24/Hw415gGl/ODr3t5uE=,tu8mbj51M8iwTsm8Mw42XPjtW5c=
27,36,XdOlwLQ24/Hw415gGl/ODr3t5uE=,tu8mbj51M8iwTsm8Mw42XPjtW5c=
29,38,XdOlwLQ24/Hw415gGl/ODr3t5uE=,tu8mbj51M8iwTsm8Mw42XPjtW5c=
28,38,XdOlwLQ24/Hw415gGl/ODr3t5uE=,tu8mbj51M8iwTsm8Mw42XPjtW5c=
26,36,XdOlwLQ24/Hw415gGl/ODr3t5uE=,tu8mbj51M8iwTsm8Mw42XPjtW5c=
25,36,XdOlwLQ24/Hw415gGl/ODr3t5uE=,tu8mbj51M8iwTsm8Mw42XPjtW5c=
30,35,XdOlwLQ24/Hw415gGl/ODr3t5uE=,tu8mbj51M8iwTsm8Mw42XPjtW5c=
24,36,XdOlwLQ24/Hw415gGl/ODr3t5uE=,tu8mbj51M8iwTsm8Mw42XPjtW5c=
31,35,XdOlwLQ24/Hw415gGl/ODr3t5uE=,tu8mbj51M8iwTsm8Mw42XPjtW5c=
26,32,XdOlwLQ24/Hw415gGl/ODr3t5uE=,tu8mbj51M8iwTsm8Mw42XPjtW5c=
25,32,XdOlwLQ24/Hw415gGl/ODr3t5uE=,tu8mbj51M8iwTsm8Mw42XPjtW5c=
27,32,XdOlwLQ24/Hw415gGl/ODr3t5uE=,tu8mbj51M8iwTsm8Mw42XPjtW5c=
